[36mINFO[0m[0000] Starting SM-DP Load Test                     
[36mINFO[0m[0000] Target SM-DP Server: http://localhost:8081   
[36mINFO[0m[0000] METRICS_CSV_HEADER,vus,iterations,cpu_percent,memory_percent,time 
[36mINFO[0m[0000] SM-DP server is responsive, starting load test... 
[36mINFO[0m[0000] METRICS_CSV,13,0,3.7,21.1,2025-07-11T07:45:08.346Z 
[36mINFO[0m[0003] METRICS_CSV,13,1,9.2,21.1,2025-07-11T07:45:11.456Z 
[36mINFO[0m[0005] METRICS_CSV,13,2,2.9,21.1,2025-07-11T07:45:13.708Z 
[36mINFO[0m[0007] METRICS_CSV,9,0,3.7,21.1,2025-07-11T07:45:15.846Z 
[36mINFO[0m[0008] METRICS_CSV,13,3,3.7,21.1,2025-07-11T07:45:16.242Z 
[36mINFO[0m[0009] Load test completed                          
[36mINFO[0m[0009] Tested server: http://localhost:8081         
[36mINFO[0m[0009] SM-DP server still responsive after load test 
[36mINFO[0m[0009] Final server status: {
  "status": "active",
  "entity": "SM-DP",
  "version": "1.3.0",
  "specification": "GSMA M2M RSP v1.3",
  "profiles": 5,
  "profilePackages": 5,
  "activeSessions": 0,
  "totalSessions": 4,
  "notifications": 0,
  "timestamp": "2025-07-11T07:45:17.616530Z"
} 
[36mINFO[0m[0000] Starting SM-DP Load Test                     
[36mINFO[0m[0000] Target SM-DP Server: http://localhost:8081   
[36mINFO[0m[0000] METRICS_CSV_HEADER,vus,iterations,cpu_percent,memory_percent,time 
[36mINFO[0m[0000] SM-DP server is responsive, starting load test... 
[36mINFO[0m[0000] METRICS_CSV,3,0,2.5,21.1,2025-07-11T07:48:37.946Z 
[36mINFO[0m[0005] METRICS_CSV,3,0,2.9,21.1,2025-07-11T07:48:43.792Z 
[36mINFO[0m[0007] METRICS_CSV,4,0,7.4,21.1,2025-07-11T07:48:45.445Z 
[36mINFO[0m[0007] METRICS_CSV,3,1,7.4,21.1,2025-07-11T07:48:45.445Z 
[36mINFO[0m[0011] METRICS_CSV,3,1,7.1,21.1,2025-07-11T07:48:49.573Z 
[36mINFO[0m[0012] METRICS_CSV,4,0,7.1,21.1,2025-07-11T07:48:50.044Z 
[36mINFO[0m[0013] METRICS_CSV,3,2,8.2,21.1,2025-07-11T07:48:51.225Z 
[36mINFO[0m[0013] METRICS_CSV,4,1,8.2,21.1,2025-07-11T07:48:51.448Z 
[36mINFO[0m[0015] METRICS_CSV,5,0,12.2,21.1,2025-07-11T07:48:52.945Z 
[36mINFO[0m[0018] METRICS_CSV,4,1,6.6,21.1,2025-07-11T07:48:56.369Z 
[36mINFO[0m[0019] METRICS_CSV,3,2,6.6,21.1,2025-07-11T07:48:57.024Z 
[36mINFO[0m[0020] METRICS_CSV,4,2,6.2,21.2,2025-07-11T07:48:58.102Z 
[36mINFO[0m[0020] METRICS_CSV,3,3,6.2,21.2,2025-07-11T07:48:58.103Z 
[36mINFO[0m[0020] METRICS_CSV,5,0,6.2,21.2,2025-07-11T07:48:58.722Z 
[36mINFO[0m[0022] METRICS_CSV,6,0,2.1,21.1,2025-07-11T07:49:00.446Z 
[36mINFO[0m[0023] METRICS_CSV,5,1,2.1,21.1,2025-07-11T07:49:01.161Z 
[36mINFO[0m[0025] METRICS_CSV,4,2,2.9,21.2,2025-07-11T07:49:03.303Z 
[36mINFO[0m[0027] METRICS_CSV,3,3,3.7,21.1,2025-07-11T07:49:04.899Z 
[36mINFO[0m[0027] METRICS_CSV,4,3,3.7,21.1,2025-07-11T07:49:04.904Z 
[36mINFO[0m[0027] METRICS_CSV,5,1,3.7,21.1,2025-07-11T07:49:05.530Z 
[36mINFO[0m[0027] METRICS_CSV,6,0,3.7,21.1,2025-07-11T07:49:05.749Z 
[36mINFO[0m[0029] METRICS_CSV,3,4,2.9,21.1,2025-07-11T07:49:07.281Z 
[36mINFO[0m[0029] METRICS_CSV,6,1,2.9,21.1,2025-07-11T07:49:07.446Z 
[36mINFO[0m[0030] METRICS_CSV,23,0,2.9,21.1,2025-07-11T07:49:07.846Z 
[36mINFO[0m[0030] METRICS_CSV,5,2,2.9,21.1,2025-07-11T07:49:07.990Z 
[36mINFO[0m[0032] METRICS_CSV,4,3,2.9,21.1,2025-07-11T07:49:09.901Z 
[36mINFO[0m[0034] METRICS_CSV,23,0,2.1,21.1,2025-07-11T07:49:11.858Z 
[36mINFO[0m[0034] METRICS_CSV,3,4,2.1,21.1,2025-07-11T07:49:12.222Z 
[36mINFO[0m[0034] METRICS_CSV,4,4,2.1,21.1,2025-07-11T07:49:12.641Z 
[36mINFO[0m[0034] METRICS_CSV,6,1,2.1,21.1,2025-07-11T07:49:12.728Z 
[36mINFO[0m[0035] METRICS_CSV,23,1,3.8,21.1,2025-07-11T07:49:13.711Z 
[36mINFO[0m[0035] METRICS_CSV,5,2,3.8,21.1,2025-07-11T07:49:13.716Z 
[36mINFO[0m[0035] METRICS_CSV,3,5,3.8,21.1,2025-07-11T07:49:13.754Z 
[36mINFO[0m[0037] METRICS_CSV,6,2,5.4,21.1,2025-07-11T07:49:15.191Z 
[36mINFO[0m[0037] METRICS_CSV,5,3,5.4,21.1,2025-07-11T07:49:15.260Z 
[36mINFO[0m[0038] METRICS_CSV,4,4,2.5,21.1,2025-07-11T07:49:16.617Z 
[36mINFO[0m[0040] METRICS_CSV,4,5,3.3,21.1,2025-07-11T07:49:18.044Z 
[36mINFO[0m[0041] METRICS_CSV,3,5,3.7,21.1,2025-07-11T07:49:19.635Z 
[36mINFO[0m[0042] METRICS_CSV,16,0,3.7,21.1,2025-07-11T07:49:19.847Z 
[36mINFO[0m[0042] METRICS_CSV,6,2,3.7,21.1,2025-07-11T07:49:20.029Z 
[36mINFO[0m[0042] METRICS_CSV,5,3,3.7,21.1,2025-07-11T07:49:20.172Z 
[36mINFO[0m[0042] METRICS_CSV,23,1,3.7,21.1,2025-07-11T07:49:20.490Z 
[36mINFO[0m[0043] METRICS_CSV,6,3,3.3,21.1,2025-07-11T07:49:21.210Z 
[36mINFO[0m[0043] METRICS_CSV,3,6,3.3,21.1,2025-07-11T07:49:21.213Z 
[36mINFO[0m[0043] METRICS_CSV,5,4,3.3,21.1,2025-07-11T07:49:21.270Z 
[36mINFO[0m[0044] METRICS_CSV,4,5,2.5,21.1,2025-07-11T07:49:22.732Z 
[36mINFO[0m[0045] METRICS_CSV,23,2,2.5,21.1,2025-07-11T07:49:22.814Z 
[36mINFO[0m[0047] METRICS_CSV,16,0,3.8,21.1,2025-07-11T07:49:24.986Z 
[36mINFO[0m[0047] METRICS_CSV,4,6,3.8,21.1,2025-07-11T07:49:24.987Z 
[36mINFO[0m[0047] METRICS_CSV,5,4,3.8,21.1,2025-07-11T07:49:25.621Z 
[36mINFO[0m[0048] METRICS_CSV,3,6,3.3,21.1,2025-07-11T07:49:26.383Z 
[36mINFO[0m[0048] METRICS_CSV,6,3,3.3,21.1,2025-07-11T07:49:26.483Z 
[36mINFO[0m[0049] METRICS_CSV,16,1,3.3,21.1,2025-07-11T07:49:27.189Z 
[36mINFO[0m[0049] METRICS_CSV,3,7,2.1,21.1,2025-07-11T07:49:27.685Z 
[36mINFO[0m[0049] METRICS_CSV,5,5,2.1,21.1,2025-07-11T07:49:27.686Z 
[36mINFO[0m[0050] METRICS_CSV,23,2,8.8,21.1,2025-07-11T07:49:28.697Z 
[36mINFO[0m[0051] METRICS_CSV,6,4,8.8,21.1,2025-07-11T07:49:29.345Z 
[36mINFO[0m[0052] METRICS_CSV,4,6,2.1,21.1,2025-07-11T07:49:30.028Z 
[36mINFO[0m[0052] METRICS_CSV,23,3,2.1,21.1,2025-07-11T07:49:30.235Z 
[36mINFO[0m[0053] METRICS_CSV,4,7,2.5,21,2025-07-11T07:49:31.648Z 
[36mINFO[0m[0053] METRICS_CSV,3,7,2.5,21,2025-07-11T07:49:31.669Z 
[36mINFO[0m[0054] METRICS_CSV,21,0,2.5,21,2025-07-11T07:49:31.847Z 
[36mINFO[0m[0054] METRICS_CSV,5,5,2.5,21,2025-07-11T07:49:32.137Z 
[36mINFO[0m[0054] METRICS_CSV,16,1,4.6,21.1,2025-07-11T07:49:32.756Z 
[36mINFO[0m[0056] METRICS_CSV,5,6,2.9,21.1,2025-07-11T07:49:33.820Z 
[36mINFO[0m[0056] METRICS_CSV,6,4,2.9,21.1,2025-07-11T07:49:33.943Z 
[36mINFO[0m[0056] METRICS_CSV,3,8,2.9,21.1,2025-07-11T07:49:34.196Z 
[36mINFO[0m[0057] METRICS_CSV,16,2,1.7,21.1,2025-07-11T07:49:35.183Z 
[36mINFO[0m[0057] METRICS_CSV,6,5,1.7,21.1,2025-07-11T07:49:35.224Z 
[36mINFO[0m[0057] METRICS_CSV,23,3,1.7,21.1,2025-07-11T07:49:35.507Z 
[36mINFO[0m[0058] METRICS_CSV,21,0,10.8,21.1,2025-07-11T07:49:36.558Z 
[36mINFO[0m[0059] METRICS_CSV,4,7,10.8,21.1,2025-07-11T07:49:37.205Z 
[36mINFO[0m[0059] METRICS_CSV,23,4,2.1,21.1,2025-07-11T07:49:37.709Z 
[36mINFO[0m[0061] METRICS_CSV,3,8,4.6,21.1,2025-07-11T07:49:38.873Z 
[36mINFO[0m[0061] METRICS_CSV,21,1,4.6,21.1,2025-07-11T07:49:38.993Z 
[36mINFO[0m[0061] METRICS_CSV,4,8,4.6,21.1,2025-07-11T07:49:39.358Z 
[36mINFO[0m[0061] METRICS_CSV,5,6,4.6,21.1,2025-07-11T07:49:39.462Z 
[36mINFO[0m[0062] METRICS_CSV,3,9,2.1,21.1,2025-07-11T07:49:40.750Z 
[36mINFO[0m[0062] METRICS_CSV,16,2,2.1,21.1,2025-07-11T07:49:40.753Z 
[36mINFO[0m[0063] METRICS_CSV,6,5,2.1,21.1,2025-07-11T07:49:41.472Z 
[36mINFO[0m[0064] METRICS_CSV,16,3,2.1,21,2025-07-11T07:49:42.433Z 
[36mINFO[0m[0064] METRICS_CSV,5,7,2.1,21,2025-07-11T07:49:42.443Z 
[36mINFO[0m[0065] METRICS_CSV,23,4,2.1,21,2025-07-11T07:49:43.189Z 
[36mINFO[0m[0065] METRICS_CSV,4,8,2.9,21.1,2025-07-11T07:49:43.800Z 
[36mINFO[0m[0066] METRICS_CSV,20,0,2.9,21.1,2025-07-11T07:49:43.846Z 
[36mINFO[0m[0066] METRICS_CSV,6,6,2.9,21.1,2025-07-11T07:49:44.404Z 
[36mINFO[0m[0066] METRICS_CSV,3,9,2.9,21.1,2025-07-11T07:49:44.439Z 
[36mINFO[0m[0066] METRICS_CSV,21,1,2.9,21.1,2025-07-11T07:49:44.577Z 
[36mINFO[0m[0067] METRICS_CSV,23,5,2.1,21.1,2025-07-11T07:49:45.358Z 
[36mINFO[0m[0068] METRICS_CSV,21,2,2.5,21,2025-07-11T07:49:46.419Z 
[36mINFO[0m[0068] METRICS_CSV,4,9,2.5,21,2025-07-11T07:49:46.421Z 
[36mINFO[0m[0068] METRICS_CSV,16,3,2.5,21,2025-07-11T07:49:46.657Z 
[36mINFO[0m[0069] METRICS_CSV,5,7,2.5,21,2025-07-11T07:49:46.999Z 
[36mINFO[0m[0069] METRICS_CSV,3,10,2.5,21,2025-07-11T07:49:47.298Z 
[36mINFO[0m[0070] METRICS_CSV,16,4,3.4,21,2025-07-11T07:49:48.517Z 
[36mINFO[0m[0070] METRICS_CSV,20,0,3.4,21,2025-07-11T07:49:48.708Z 
[36mINFO[0m[0071] METRICS_CSV,5,8,3.4,21,2025-07-11T07:49:49.160Z 
[36mINFO[0m[0072] METRICS_CSV,6,6,2.9,21,2025-07-11T07:49:49.961Z 
[36mINFO[0m[0072] METRICS_CSV,21,2,2.9,21,2025-07-11T07:49:50.296Z 
[36mINFO[0m[0072] METRICS_CSV,23,5,2.9,21,2025-07-11T07:49:50.754Z 
[36mINFO[0m[0073] METRICS_CSV,20,1,1.7,21.1,2025-07-11T07:49:51.195Z 
[36mINFO[0m[0074] METRICS_CSV,6,7,1.7,21.2,2025-07-11T07:49:52.456Z 
[36mINFO[0m[0074] METRICS_CSV,4,9,1.7,21.2,2025-07-11T07:49:52.572Z 
[36mINFO[0m[0075] METRICS_CSV,21,3,1.7,21.2,2025-07-11T07:49:52.880Z 
[36mINFO[0m[0075] METRICS_CSV,16,4,1.7,21.2,2025-07-11T07:49:53.054Z 
[36mINFO[0m[0075] METRICS_CSV,3,10,1.7,21.2,2025-07-11T07:49:53.069Z 
[36mINFO[0m[0075] METRICS_CSV,23,6,1.7,21.2,2025-07-11T07:49:53.178Z 
[36mINFO[0m[0076] METRICS_CSV,5,8,5,21.2,2025-07-11T07:49:53.933Z 
[36mINFO[0m[0076] METRICS_CSV,3,11,5,21.2,2025-07-11T07:49:54.575Z 
[36mINFO[0m[0077] METRICS_CSV,4,10,6.6,21.1,2025-07-11T07:49:54.979Z 
[36mINFO[0m[0077] METRICS_CSV,16,5,6.6,21.1,2025-07-11T07:49:55.316Z 
[36mINFO[0m[0078] METRICS_CSV,9,0,6.6,21.1,2025-07-11T07:49:55.845Z 
[36mINFO[0m[0079] METRICS_CSV,5,9,5,21.1,2025-07-11T07:49:56.820Z 
[36mINFO[0m[0079] METRICS_CSV,20,1,5,21.1,2025-07-11T07:49:57.665Z 
[36mINFO[0m[0080] METRICS_CSV,6,7,1.7,21.1,2025-07-11T07:49:58.543Z 
[36mINFO[0m[0080] METRICS_CSV,21,3,1.7,21.1,2025-07-11T07:49:58.612Z 
[36mINFO[0m[0081] METRICS_CSV,9,0,1.7,21.1,2025-07-11T07:49:59.332Z 
[36mINFO[0m[0081] METRICS_CSV,23,6,1.7,21.1,2025-07-11T07:49:59.406Z 
[36mINFO[0m[0081] METRICS_CSV,20,2,1.7,21.1,2025-07-11T07:49:59.668Z 
[36mINFO[0m[0082] METRICS_CSV,4,10,1.7,21.1,2025-07-11T07:49:59.986Z 
[36mINFO[0m[0082] METRICS_CSV,16,5,1.7,21.1,2025-07-11T07:50:00.295Z 
[36mINFO[0m[0082] METRICS_CSV,6,8,3.7,21.2,2025-07-11T07:50:00.738Z 
[36mINFO[0m[0082] METRICS_CSV,3,11,3.7,21.2,2025-07-11T07:50:00.770Z 
[36mINFO[0m[0083] METRICS_CSV,21,4,3.7,21.2,2025-07-11T07:50:01.031Z 
[36mINFO[0m[0083] METRICS_CSV,5,9,3.7,21.2,2025-07-11T07:50:01.173Z 
[36mINFO[0m[0083] METRICS_CSV,4,11,3.7,21.2,2025-07-11T07:50:01.316Z 
[36mINFO[0m[0083] METRICS_CSV,16,6,3.7,21.2,2025-07-11T07:50:01.389Z 
[36mINFO[0m[0084] METRICS_CSV,23,7,4.2,21.2,2025-07-11T07:50:02.167Z 
[36mINFO[0m[0084] METRICS_CSV,9,1,4.2,21.2,2025-07-11T07:50:02.177Z 
[36mINFO[0m[0084] METRICS_CSV,5,10,4.2,21.2,2025-07-11T07:50:02.730Z 
[36mINFO[0m[0086] METRICS_CSV,3,12,3.3,21.1,2025-07-11T07:50:03.855Z 
[36mINFO[0m[0087] METRICS_CSV,6,8,2.1,21.1,2025-07-11T07:50:05.594Z 
[36mINFO[0m[0087] METRICS_CSV,21,4,2.1,21.1,2025-07-11T07:50:05.631Z 
[36mINFO[0m[0087] METRICS_CSV,20,2,2.1,21.1,2025-07-11T07:50:05.769Z 
[36mINFO[0m[0088] METRICS_CSV,16,6,2.1,21.1,2025-07-11T07:50:06.103Z 
[36mINFO[0m[0089] METRICS_CSV,9,1,5,21.1,2025-07-11T07:50:06.834Z 
[36mINFO[0m[0089] METRICS_CSV,23,7,5,21.1,2025-07-11T07:50:06.837Z 
[36mINFO[0m[0089] METRICS_CSV,6,9,5,21.1,2025-07-11T07:50:06.877Z 
[36mINFO[0m[0089] METRICS_CSV,5,10,5,21.1,2025-07-11T07:50:07.214Z 
[36mINFO[0m[0089] METRICS_CSV,4,11,5,21.1,2025-07-11T07:50:07.240Z 
[36mINFO[0m[0089] METRICS_CSV,16,7,5,21.1,2025-07-11T07:50:07.471Z 
[36mINFO[0m[0090] METRICS_CSV,2,0,4.2,21.1,2025-07-11T07:50:07.946Z 
[36mINFO[0m[0090] METRICS_CSV,20,3,4.2,21.1,2025-07-11T07:50:07.946Z 
[36mINFO[0m[0090] METRICS_CSV,21,5,4.2,21.1,2025-07-11T07:50:08.086Z 
[36mINFO[0m[0090] METRICS_CSV,9,2,4.2,21.1,2025-07-11T07:50:08.528Z 
[36mINFO[0m[0090] METRICS_CSV,3,12,4.2,21.1,2025-07-11T07:50:08.548Z 
[36mINFO[0m[0091] METRICS_CSV,4,12,2.1,21.1,2025-07-11T07:50:09.180Z 
[36mINFO[0m[0091] METRICS_CSV,23,8,2.1,21.1,2025-07-11T07:50:09.556Z 
[36mINFO[0m[0091] METRICS_CSV,5,11,2.1,21.1,2025-07-11T07:50:09.762Z 
[36mINFO[0m[0093] METRICS_CSV,6,9,3,21.1,2025-07-11T07:50:10.909Z 
[36mINFO[0m[0093] METRICS_CSV,29,0,3,21.1,2025-07-11T07:50:10.911Z 
[36mINFO[0m[0093] METRICS_CSV,3,13,3,21.1,2025-07-11T07:50:11.313Z 
[36mINFO[0m[0093] METRICS_CSV,21,5,3,21.1,2025-07-11T07:50:11.643Z 
[36mINFO[0m[0095] METRICS_CSV,9,2,9.2,21.1,2025-07-11T07:50:13.024Z 
[36mINFO[0m[0095] METRICS_CSV,20,3,9.2,21.1,2025-07-11T07:50:13.169Z 
[36mINFO[0m[0095] METRICS_CSV,16,7,9.2,21.1,2025-07-11T07:50:13.181Z 
[36mINFO[0m[0095] METRICS_CSV,21,6,9.2,21.1,2025-07-11T07:50:13.300Z 
[36mINFO[0m[0095] METRICS_CSV,6,10,9.2,21.1,2025-07-11T07:50:13.332Z 
[36mINFO[0m[0095] METRICS_CSV,4,12,9.2,21.1,2025-07-11T07:50:13.339Z 
[36mINFO[0m[0095] METRICS_CSV,2,0,9.2,21.1,2025-07-11T07:50:13.514Z 
[36mINFO[0m[0096] METRICS_CSV,27,0,9.2,21.1,2025-07-11T07:50:13.846Z 
[36mINFO[0m[0096] METRICS_CSV,4,13,2.1,21.1,2025-07-11T07:50:14.549Z 
[36mINFO[0m[0096] METRICS_CSV,23,8,2.1,21.1,2025-07-11T07:50:14.552Z 
[36mINFO[0m[0096] METRICS_CSV,16,8,2.1,21.1,2025-07-11T07:50:14.628Z 
[36mINFO[0m[0096] METRICS_CSV,2,1,2.1,21.1,2025-07-11T07:50:14.681Z 
[36mINFO[0m[0097] METRICS_CSV,20,4,2.1,21.1,2025-07-11T07:50:15.240Z 
[36mINFO[0m[0097] METRICS_CSV,9,3,3.8,21.1,2025-07-11T07:50:15.643Z 
[36mINFO[0m[0098] METRICS_CSV,29,0,3.8,21.1,2025-07-11T07:50:15.845Z 
[36mINFO[0m[0098] METRICS_CSV,3,13,3.8,21.1,2025-07-11T07:50:15.876Z 
[36mINFO[0m[0098] METRICS_CSV,5,11,3.8,21.1,2025-07-11T07:50:15.911Z 
[36mINFO[0m[0098] METRICS_CSV,23,9,3.8,21.1,2025-07-11T07:50:16.226Z 
[36mINFO[0m[0099] METRICS_CSV,30,0,4.2,21,2025-07-11T07:50:16.946Z 
[36mINFO[0m[0099] METRICS_CSV,6,10,4.2,21,2025-07-11T07:50:17.290Z 
[36mINFO[0m[0100] METRICS_CSV,3,14,3.3,21.1,2025-07-11T07:50:18.393Z 
[36mINFO[0m[0100] METRICS_CSV,5,12,3.3,21.1,2025-07-11T07:50:18.514Z 
[36mINFO[0m[0100] METRICS_CSV,29,1,3.3,21.1,2025-07-11T07:50:18.608Z 
[36mINFO[0m[0101] METRICS_CSV,21,6,3.3,21.1,2025-07-11T07:50:18.961Z 
[36mINFO[0m[0101] METRICS_CSV,27,0,3.3,21.1,2025-07-11T07:50:19.013Z 
[36mINFO[0m[0102] METRICS_CSV,35,0,4.6,21.1,2025-07-11T07:50:19.946Z 
[36mINFO[0m[0102] METRICS_CSV,2,1,4.6,21.1,2025-07-11T07:50:19.950Z 
[36mINFO[0m[0102] METRICS_CSV,21,7,4.6,21.1,2025-07-11T07:50:20.077Z 
[36mINFO[0m[0102] METRICS_CSV,23,9,4.6,21.1,2025-07-11T07:50:20.178Z 
[36mINFO[0m[0102] METRICS_CSV,4,13,4.6,21.1,2025-07-11T07:50:20.254Z 
[36mINFO[0m[0102] METRICS_CSV,6,11,4.6,21.1,2025-07-11T07:50:20.287Z 
[36mINFO[0m[0102] METRICS_CSV,27,1,4.6,21.1,2025-07-11T07:50:20.401Z 
[36mINFO[0m[0102] METRICS_CSV,9,3,4.6,21.1,2025-07-11T07:50:20.426Z 
[36mINFO[0m[0102] METRICS_CSV,16,8,4.6,21.1,2025-07-11T07:50:20.457Z 
[36mINFO[0m[0103] METRICS_CSV,20,4,4.6,21.1,2025-07-11T07:50:20.839Z 
[36mINFO[0m[0103] METRICS_CSV,2,2,2.5,21.1,2025-07-11T07:50:21.675Z 
[36mINFO[0m[0103] METRICS_CSV,23,10,2.5,21.1,2025-07-11T07:50:21.676Z 
[36mINFO[0m[0104] METRICS_CSV,30,0,2.5,21.1,2025-07-11T07:50:22.045Z 
[36mINFO[0m[0104] METRICS_CSV,4,14,2.5,21.1,2025-07-11T07:50:22.324Z 
[36mINFO[0m[0104] METRICS_CSV,20,5,3.7,21.1,2025-07-11T07:50:22.769Z 
[36mINFO[0m[0104] METRICS_CSV,9,4,3.7,21.1,2025-07-11T07:50:22.772Z 
[36mINFO[0m[0105] METRICS_CSV,28,0,3.7,21.1,2025-07-11T07:50:22.846Z 
[36mINFO[0m[0105] METRICS_CSV,29,1,3.7,21.1,2025-07-11T07:50:22.874Z 
[36mINFO[0m[0105] METRICS_CSV,30,1,3.7,21.1,2025-07-11T07:50:23.271Z 
[36mINFO[0m[0105] METRICS_CSV,16,9,3.7,21.1,2025-07-11T07:50:23.397Z 
[36mINFO[0m[0106] METRICS_CSV,29,2,4.2,21.1,2025-07-11T07:50:24.074Z 
[36mINFO[0m[0106] METRICS_CSV,35,0,4.2,21.1,2025-07-11T07:50:24.078Z 
[36mINFO[0m[0106] METRICS_CSV,3,14,4.2,21.1,2025-07-11T07:50:24.101Z 
[36mINFO[0m[0107] METRICS_CSV,5,12,5,21,2025-07-11T07:50:25.482Z 
[36mINFO[0m[0107] METRICS_CSV,23,10,5,21,2025-07-11T07:50:25.537Z 
[36mINFO[0m[0107] METRICS_CSV,6,11,5,21,2025-07-11T07:50:25.556Z 
[36mINFO[0m[0107] METRICS_CSV,21,7,5,21,2025-07-11T07:50:25.703Z 
[36mINFO[0m[0107] METRICS_CSV,35,1,5,21,2025-07-11T07:50:25.717Z 
[36mINFO[0m[0108] METRICS_CSV,19,0,5,21,2025-07-11T07:50:25.845Z 
[36mINFO[0m[0108] METRICS_CSV,27,1,5,21,2025-07-11T07:50:26.004Z 
[36mINFO[0m[0108] METRICS_CSV,2,2,5,21,2025-07-11T07:50:26.298Z 
[36mINFO[0m[0108] METRICS_CSV,4,14,4.2,21,2025-07-11T07:50:26.568Z 
[36mINFO[0m[0108] METRICS_CSV,3,15,4.2,21,2025-07-11T07:50:26.642Z 
[36mINFO[0m[0109] METRICS_CSV,5,13,4.2,21,2025-07-11T07:50:27.094Z 
[36mINFO[0m[0109] METRICS_CSV,27,2,4.2,21,2025-07-11T07:50:27.276Z 
[36mINFO[0m[0109] METRICS_CSV,21,8,4.2,21,2025-07-11T07:50:27.389Z 
[36mINFO[0m[0109] METRICS_CSV,9,4,8,21.1,2025-07-11T07:50:27.590Z 
[36mINFO[0m[0109] METRICS_CSV,20,5,8,21.1,2025-07-11T07:50:27.592Z 
[36mINFO[0m[0110] METRICS_CSV,2,3,8,21.1,2025-07-11T07:50:27.805Z 
[36mINFO[0m[0110] METRICS_CSV,16,9,8,21.1,2025-07-11T07:50:27.961Z 
[36mINFO[0m[0110] METRICS_CSV,23,11,8,21.1,2025-07-11T07:50:28.143Z 
[36mINFO[0m[0110] METRICS_CSV,4,15,8,21.1,2025-07-11T07:50:28.215Z 
[36mINFO[0m[0110] METRICS_CSV,28,0,8,21.1,2025-07-11T07:50:28.482Z 
[36mINFO[0m[0110] METRICS_CSV,6,12,11.8,21.1,2025-07-11T07:50:28.626Z 
[36mINFO[0m[0110] METRICS_CSV,30,1,11.8,21.1,2025-07-11T07:50:28.629Z 
[36mINFO[0m[0110] METRICS_CSV,29,2,11.8,21.1,2025-07-11T07:50:28.662Z 
[36mINFO[0m[0111] METRICS_CSV,31,0,11.8,21.1,2025-07-11T07:50:28.846Z 
[36mINFO[0m[0111] METRICS_CSV,20,6,11.8,21.1,2025-07-11T07:50:29.236Z 
[36mINFO[0m[0111] METRICS_CSV,16,10,2.9,21.1,2025-07-11T07:50:29.743Z 
[36mINFO[0m[0112] METRICS_CSV,9,5,2.9,21.1,2025-07-11T07:50:30.424Z 
[36mINFO[0m[0112] METRICS_CSV,29,3,2.9,21.1,2025-07-11T07:50:30.437Z 
[36mINFO[0m[0113] METRICS_CSV,30,2,4.6,21,2025-07-11T07:50:30.857Z 
[36mINFO[0m[0113] METRICS_CSV,3,15,4.6,21,2025-07-11T07:50:30.998Z 
[36mINFO[0m[0113] METRICS_CSV,19,0,4.6,21,2025-07-11T07:50:31.061Z 
[36mINFO[0m[0113] METRICS_CSV,35,1,4.6,21,2025-07-11T07:50:31.062Z 
[36mINFO[0m[0113] METRICS_CSV,28,1,4.6,21,2025-07-11T07:50:31.331Z 
[36mINFO[0m[0113] METRICS_CSV,27,2,4.6,21,2025-07-11T07:50:31.741Z 
[36mINFO[0m[0114] METRICS_CSV,23,11,5.4,21.1,2025-07-11T07:50:31.880Z 
[36mINFO[0m[0114] METRICS_CSV,34,0,5.4,21.1,2025-07-11T07:50:31.881Z 
[36mINFO[0m[0114] METRICS_CSV,21,8,5.4,21.1,2025-07-11T07:50:31.956Z 
[36mINFO[0m[0114] METRICS_CSV,2,3,5.4,21.1,2025-07-11T07:50:32.461Z 
[36mINFO[0m[0114] METRICS_CSV,6,12,5.4,21.1,2025-07-11T07:50:32.479Z 
[36mINFO[0m[0114] METRICS_CSV,19,1,5.4,21.1,2025-07-11T07:50:32.601Z 
[36mINFO[0m[0115] METRICS_CSV,5,13,3.4,21.1,2025-07-11T07:50:32.957Z 
[36mINFO[0m[0115] METRICS_CSV,3,16,3.4,21.1,2025-07-11T07:50:32.958Z 
[36mINFO[0m[0115] METRICS_CSV,35,2,3.4,21.1,2025-07-11T07:50:32.958Z 
[36mINFO[0m[0115] METRICS_CSV,31,0,3.4,21.1,2025-07-11T07:50:33.364Z 
[36mINFO[0m[0115] METRICS_CSV,20,6,3.4,21.1,2025-07-11T07:50:33.677Z 
[36mINFO[0m[0116] METRICS_CSV,16,10,5.4,21.1,2025-07-11T07:50:34.027Z 
[36mINFO[0m[0116] METRICS_CSV,6,13,5.4,21.1,2025-07-11T07:50:34.051Z 
[36mINFO[0m[0116] METRICS_CSV,27,3,5.4,21.1,2025-07-11T07:50:34.189Z 
[36mINFO[0m[0116] METRICS_CSV,23,12,5.4,21.1,2025-07-11T07:50:34.274Z 
[36mINFO[0m[0116] METRICS_CSV,4,15,5.4,21.1,2025-07-11T07:50:34.446Z 
[36mINFO[0m[0116] METRICS_CSV,9,5,5.4,21.1,2025-07-11T07:50:34.452Z 
[36mINFO[0m[0117] METRICS_CSV,21,9,5.4,21.1,2025-07-11T07:50:34.818Z 
[36mINFO[0m[0117] METRICS_CSV,14,0,5.4,21.1,2025-07-11T07:50:34.847Z 
[36mINFO[0m[0117] METRICS_CSV,5,14,3.8,21,2025-07-11T07:50:35.091Z 
[36mINFO[0m[0117] METRICS_CSV,2,4,3.8,21,2025-07-11T07:50:35.092Z 
[36mINFO[0m[0117] METRICS_CSV,30,2,3.8,21,2025-07-11T07:50:35.216Z 
[36mINFO[0m[0117] METRICS_CSV,20,7,3.8,21,2025-07-11T07:50:35.310Z 
[36mINFO[0m[0117] METRICS_CSV,29,3,3.8,21,2025-07-11T07:50:35.340Z 
[36mINFO[0m[0117] METRICS_CSV,31,1,3.8,21,2025-07-11T07:50:35.639Z 
[36mINFO[0m[0118] METRICS_CSV,9,6,3.8,21,2025-07-11T07:50:35.872Z 
[36mINFO[0m[0118] METRICS_CSV,16,11,3.8,21,2025-07-11T07:50:35.924Z 
[36mINFO[0m[0118] METRICS_CSV,34,0,3.8,21,2025-07-11T07:50:36.431Z 
[36mINFO[0m[0118] METRICS_CSV,4,16,3.8,21,2025-07-11T07:50:36.468Z 
[36mINFO[0m[0118] METRICS_CSV,28,1,3.8,21,2025-07-11T07:50:36.712Z 
[36mINFO[0m[0119] METRICS_CSV,30,3,3.8,21,2025-07-11T07:50:36.908Z 
[36mINFO[0m[0119] METRICS_CSV,29,4,3.8,21,2025-07-11T07:50:37.254Z 
[36mINFO[0m[0119] METRICS_CSV,35,2,5.8,21,2025-07-11T07:50:37.783Z 
[36mINFO[0m[0119] METRICS_CSV,3,16,5.8,21,2025-07-11T07:50:37.786Z 
[36mINFO[0m[0120] METRICS_CSV,36,0,5.8,21,2025-07-11T07:50:37.845Z 
[36mINFO[0m[0120] METRICS_CSV,19,1,5.8,21,2025-07-11T07:50:38.022Z 
[36mINFO[0m[0120] METRICS_CSV,23,12,5.8,21,2025-07-11T07:50:38.396Z 
[36mINFO[0m[0121] METRICS_CSV,27,3,2.9,21.1,2025-07-11T07:50:38.855Z 
[36mINFO[0m[0121] METRICS_CSV,21,9,2.9,21.1,2025-07-11T07:50:39.037Z 
[36mINFO[0m[0121] METRICS_CSV,35,3,2.9,21.1,2025-07-11T07:50:39.076Z 
[36mINFO[0m[0121] METRICS_CSV,34,1,2.9,21.1,2025-07-11T07:50:39.219Z 
[36mINFO[0m[0121] METRICS_CSV,28,2,2.9,21.1,2025-07-11T07:50:39.329Z 
[36mINFO[0m[0121] METRICS_CSV,14,0,2.9,21.1,2025-07-11T07:50:39.412Z 
[36mINFO[0m[0121] METRICS_CSV,6,13,2.9,21.1,2025-07-11T07:50:39.632Z 
[36mINFO[0m[0121] METRICS_CSV,23,13,2.9,21.1,2025-07-11T07:50:39.670Z 
[36mINFO[0m[0121] METRICS_CSV,2,4,2.9,21.1,2025-07-11T07:50:39.681Z 
[36mINFO[0m[0122] METRICS_CSV,5,14,3.3,21,2025-07-11T07:50:40.177Z 
[36mINFO[0m[0122] METRICS_CSV,9,6,3.3,21,2025-07-11T07:50:40.180Z 
[36mINFO[0m[0122] METRICS_CSV,3,17,3.3,21,2025-07-11T07:50:40.440Z 
[36mINFO[0m[0122] METRICS_CSV,19,2,3.3,21,2025-07-11T07:50:40.530Z 
[36mINFO[0m[0122] METRICS_CSV,27,4,3.3,21,2025-07-11T07:50:40.611Z 
[36mINFO[0m[0123] METRICS_CSV,21,10,3.3,21,2025-07-11T07:50:40.878Z 
[36mINFO[0m[0123] METRICS_CSV,31,1,3.3,21,2025-07-11T07:50:41.039Z 
[36mINFO[0m[0123] METRICS_CSV,16,11,4.2,21,2025-07-11T07:50:41.205Z 
[36mINFO[0m[0123] METRICS_CSV,20,7,4.2,21,2025-07-11T07:50:41.287Z 
[36mINFO[0m[0123] METRICS_CSV,4,16,4.2,21,2025-07-11T07:50:41.388Z 
[36mINFO[0m[0123] METRICS_CSV,14,1,4.2,21,2025-07-11T07:50:41.759Z 
[36mINFO[0m[0123] METRICS_CSV,30,3,4.2,21,2025-07-11T07:50:41.800Z 
[36mINFO[0m[0124] METRICS_CSV,6,14,4.2,21,2025-07-11T07:50:41.858Z 
[36mINFO[0m[0124] METRICS_CSV,2,5,4.2,21,2025-07-11T07:50:41.882Z 
[36mINFO[0m[0124] METRICS_CSV,16,12,5.4,21,2025-07-11T07:50:42.543Z 
[36mINFO[0m[0124] METRICS_CSV,31,2,5.4,21,2025-07-11T07:50:42.563Z 
[36mINFO[0m[0124] METRICS_CSV,4,17,5.4,21,2025-07-11T07:50:42.606Z 
[36mINFO[0m[0124] METRICS_CSV,9,7,5.4,21,2025-07-11T07:50:42.669Z 
[36mINFO[0m[0125] METRICS_CSV,5,15,5.4,21,2025-07-11T07:50:42.850Z 
[36mINFO[0m[0125] METRICS_CSV,36,0,5.4,21,2025-07-11T07:50:42.977Z 
[36mINFO[0m[0125] METRICS_CSV,35,3,5.4,21,2025-07-11T07:50:43.190Z 
[36mINFO[0m[0125] METRICS_CSV,30,4,5.4,21,2025-07-11T07:50:43.219Z 
[36mINFO[0m[0125] METRICS_CSV,20,8,3.3,21,2025-07-11T07:50:43.711Z 
[36mINFO[0m[0125] METRICS_CSV,29,4,3.3,21,2025-07-11T07:50:43.716Z 
[36mINFO[0m[0126] METRICS_CSV,36,1,3.3,21,2025-07-11T07:50:44.103Z 
[36mINFO[0m[0126] METRICS_CSV,21,10,3.3,21,2025-07-11T07:50:44.138Z 
[36mINFO[0m[0127] METRICS_CSV,35,4,5,21,2025-07-11T07:50:44.962Z 
[36mINFO[0m[0127] METRICS_CSV,28,2,5,21,2025-07-11T07:50:45.160Z 
[36mINFO[0m[0127] METRICS_CSV,23,13,5,21,2025-07-11T07:50:45.333Z 
[36mINFO[0m[0127] METRICS_CSV,34,1,5,21,2025-07-11T07:50:45.357Z 
[36mINFO[0m[0127] METRICS_CSV,21,11,5,21,2025-07-11T07:50:45.413Z 
[36mINFO[0m[0127] METRICS_CSV,14,1,5,21,2025-07-11T07:50:45.520Z 
[36mINFO[0m[0128] METRICS_CSV,27,4,4.6,21,2025-07-11T07:50:45.984Z 
[36mINFO[0m[0128] METRICS_CSV,3,17,4.6,21,2025-07-11T07:50:45.989Z 
[36mINFO[0m[0128] METRICS_CSV,2,5,4.6,21,2025-07-11T07:50:46.143Z 
[36mINFO[0m[0128] METRICS_CSV,28,3,4.6,21,2025-07-11T07:50:46.259Z 
[36mINFO[0m[0128] METRICS_CSV,19,2,4.6,21,2025-07-11T07:50:46.344Z 
[36mINFO[0m[0128] METRICS_CSV,29,5,4.6,21,2025-07-11T07:50:46.437Z 
[36mINFO[0m[0129] METRICS_CSV,16,12,5.5,21,2025-07-11T07:50:47.152Z 
[36mINFO[0m[0129] METRICS_CSV,4,17,5.5,21,2025-07-11T07:50:47.240Z 
[36mINFO[0m[0129] METRICS_CSV,27,5,5.5,21,2025-07-11T07:50:47.372Z 
[36mINFO[0m[0129] METRICS_CSV,34,2,5.5,21,2025-07-11T07:50:47.452Z 
[36mINFO[0m[0129] METRICS_CSV,9,7,5.5,21,2025-07-11T07:50:47.457Z 
[36mINFO[0m[0129] METRICS_CSV,6,14,5.5,21,2025-07-11T07:50:47.578Z 
[36mINFO[0m[0129] METRICS_CSV,5,15,5.5,21,2025-07-11T07:50:47.589Z 
[36mINFO[0m[0129] METRICS_CSV,31,2,5.5,21,2025-07-11T07:50:47.638Z 
[36mINFO[0m[0129] METRICS_CSV,3,18,5.5,21,2025-07-11T07:50:47.761Z 
[36mINFO[0m[0130] METRICS_CSV,2,6,5.5,21,2025-07-11T07:50:48.221Z 
[36mINFO[0m[0130] METRICS_CSV,19,3,5.5,21,2025-07-11T07:50:48.269Z 
[36mINFO[0m[0130] METRICS_CSV,23,14,5.5,21,2025-07-11T07:50:48.287Z 
[36mINFO[0m[0130] METRICS_CSV,14,2,5.5,21,2025-07-11T07:50:48.309Z 
[36mINFO[0m[0130] METRICS_CSV,4,18,5.5,21,2025-07-11T07:50:48.470Z 
[36mINFO[0m[0130] METRICS_CSV,30,4,5.5,21,2025-07-11T07:50:48.480Z 
[36mINFO[0m[0130] METRICS_CSV,5,16,5.5,21,2025-07-11T07:50:48.592Z 
[36mINFO[0m[0130] METRICS_CSV,20,8,5.5,21,2025-07-11T07:50:48.686Z 
[36mINFO[0m[0131] METRICS_CSV,6,15,5.5,21,2025-07-11T07:50:48.909Z 
[36mINFO[0m[0131] METRICS_CSV,31,3,5.5,21,2025-07-11T07:50:49.110Z 
[36mINFO[0m[0131] METRICS_CSV,36,1,5.4,21,2025-07-11T07:50:49.428Z 
[36mINFO[0m[0131] METRICS_CSV,9,8,5.4,21,2025-07-11T07:50:49.429Z 
[36mINFO[0m[0131] METRICS_CSV,30,5,5.4,21,2025-07-11T07:50:49.590Z 
[36mINFO[0m[0132] METRICS_CSV,16,13,5.4,21,2025-07-11T07:50:50.043Z 
[36mINFO[0m[0132] METRICS_CSV,21,11,5.4,21,2025-07-11T07:50:50.246Z 
[36mINFO[0m[0132] METRICS_CSV,20,9,3.3,21,2025-07-11T07:50:50.681Z 
[36mINFO[0m[0133] METRICS_CSV,34,2,3.3,21,2025-07-11T07:50:51.004Z 
[36mINFO[0m[0133] METRICS_CSV,29,5,3.3,21,2025-07-11T07:50:51.006Z 
[36mINFO[0m[0133] METRICS_CSV,35,4,3.3,21,2025-07-11T07:50:51.331Z 
[36mINFO[0m[0133] METRICS_CSV,36,2,3.3,21,2025-07-11T07:50:51.472Z 
[36mINFO[0m[0133] METRICS_CSV,28,3,4.6,21.1,2025-07-11T07:50:51.756Z 
[36mINFO[0m[0134] METRICS_CSV,29,6,4.6,21.1,2025-07-11T07:50:52.209Z 
[36mINFO[0m[0134] METRICS_CSV,21,12,4.6,21.1,2025-07-11T07:50:52.390Z 
[36mINFO[0m[0134] METRICS_CSV,23,14,4.6,21.1,2025-07-11T07:50:52.451Z 
[36mINFO[0m[0135] METRICS_CSV,34,3,6.7,21.1,2025-07-11T07:50:53.139Z 
[36mINFO[0m[0135] METRICS_CSV,27,5,6.7,21.1,2025-07-11T07:50:53.168Z 
[36mINFO[0m[0135] METRICS_CSV,4,18,6.7,21.1,2025-07-11T07:50:53.242Z 
[36mINFO[0m[0135] METRICS_CSV,2,6,6.7,21.1,2025-07-11T07:50:53.411Z 
[36mINFO[0m[0135] METRICS_CSV,5,16,6.7,21.1,2025-07-11T07:50:53.411Z 
[36mINFO[0m[0135] METRICS_CSV,28,4,6.7,21.1,2025-07-11T07:50:53.545Z 
[36mINFO[0m[0135] METRICS_CSV,3,18,6.7,21.1,2025-07-11T07:50:53.628Z 
[36mINFO[0m[0135] METRICS_CSV,16,13,6.7,21.1,2025-07-11T07:50:53.657Z 
[36mINFO[0m[0136] METRICS_CSV,19,3,3.8,21.1,2025-07-11T07:50:54.233Z 
[36mINFO[0m[0136] METRICS_CSV,23,15,3.8,21.1,2025-07-11T07:50:54.234Z 
[36mINFO[0m[0136] METRICS_CSV,6,15,3.8,21.1,2025-07-11T07:50:54.284Z 
[36mINFO[0m[0136] METRICS_CSV,35,5,3.8,21.1,2025-07-11T07:50:54.296Z 
[36mINFO[0m[0136] METRICS_CSV,4,19,3.8,21.1,2025-07-11T07:50:54.573Z 
[36mINFO[0m[0136] METRICS_CSV,30,5,3.8,21.1,2025-07-11T07:50:54.583Z 
[36mINFO[0m[0136] METRICS_CSV,5,17,3.8,21.1,2025-07-11T07:50:54.608Z 
[36mINFO[0m[0136] METRICS_CSV,27,6,3.8,21.1,2025-07-11T07:50:54.684Z 
[36mINFO[0m[0137] METRICS_CSV,16,14,3.8,21.1,2025-07-11T07:50:54.891Z 
[36mINFO[0m[0137] METRICS_CSV,14,2,3.8,21.1,2025-07-11T07:50:54.957Z 
[36mINFO[0m[0137] METRICS_CSV,3,19,3.8,21.1,2025-07-11T07:50:55.260Z 
[36mINFO[0m[0137] METRICS_CSV,31,3,3.8,21.1,2025-07-11T07:50:55.261Z 
[36mINFO[0m[0137] METRICS_CSV,9,8,3.8,21.1,2025-07-11T07:50:55.367Z 
[36mINFO[0m[0137] METRICS_CSV,6,16,3.8,21.1,2025-07-11T07:50:55.440Z 
[36mINFO[0m[0137] METRICS_CSV,19,4,3.8,21.1,2025-07-11T07:50:55.454Z 
[36mINFO[0m[0137] METRICS_CSV,36,2,3.8,21.1,2025-07-11T07:50:55.642Z 
[36mINFO[0m[0138] METRICS_CSV,2,7,3.8,21.1,2025-07-11T07:50:56.117Z 
[36mINFO[0m[0138] METRICS_CSV,30,6,3.8,21.1,2025-07-11T07:50:56.344Z 
[36mINFO[0m[0138] METRICS_CSV,20,9,3.8,21.1,2025-07-11T07:50:56.348Z 
[36mINFO[0m[0139] METRICS_CSV,31,4,3.8,21.1,2025-07-11T07:50:56.873Z 
[36mINFO[0m[0139] METRICS_CSV,21,12,3.8,21.1,2025-07-11T07:50:56.976Z 
[36mINFO[0m[0139] METRICS_CSV,36,3,3.8,21.1,2025-07-11T07:50:57.152Z 
[36mINFO[0m[0139] METRICS_CSV,9,9,3.8,21.1,2025-07-11T07:50:57.380Z 
[36mINFO[0m[0139] METRICS_CSV,14,3,3.8,21.1,2025-07-11T07:50:57.796Z 
[36mINFO[0m[0140] METRICS_CSV,29,6,3.8,21.1,2025-07-11T07:50:57.894Z 
[36mINFO[0m[0140] METRICS_CSV,34,3,3.8,21.1,2025-07-11T07:50:57.970Z 
[36mINFO[0m[0140] METRICS_CSV,20,10,3.8,21.1,2025-07-11T07:50:58.148Z 
[36mINFO[0m[0140] METRICS_CSV,5,17,5.9,21.1,2025-07-11T07:50:58.692Z 
[36mINFO[0m[0141] METRICS_CSV,4,19,5.9,21.1,2025-07-11T07:50:58.820Z 
[36mINFO[0m[0141] METRICS_CSV,29,7,5.9,21.1,2025-07-11T07:50:59.505Z 
[36mINFO[0m[0141] METRICS_CSV,23,15,5.9,21.1,2025-07-11T07:50:59.587Z 
[36mINFO[0m[0142] METRICS_CSV,21,13,6.7,21.1,2025-07-11T07:50:59.862Z 
[36mINFO[0m[0142] METRICS_CSV,35,5,6.7,21.1,2025-07-11T07:50:59.867Z 
[36mINFO[0m[0142] METRICS_CSV,16,14,6.7,21.1,2025-07-11T07:50:59.944Z 
[36mINFO[0m[0142] METRICS_CSV,4,20,6.7,21.1,2025-07-11T07:51:00.063Z 
[36mINFO[0m[0142] METRICS_CSV,3,19,6.7,21.1,2025-07-11T07:51:00.125Z 
[36mINFO[0m[0142] METRICS_CSV,34,4,6.7,21.1,2025-07-11T07:51:00.130Z 
[36mINFO[0m[0142] METRICS_CSV,28,4,6.7,21.1,2025-07-11T07:51:00.475Z 
[36mINFO[0m[0142] METRICS_CSV,27,6,6.7,21.1,2025-07-11T07:51:00.586Z 
[36mINFO[0m[0142] METRICS_CSV,5,18,6.7,21.1,2025-07-11T07:51:00.698Z 
[36mINFO[0m[0143] METRICS_CSV,23,16,4.2,21.1,2025-07-11T07:51:00.937Z 
[36mINFO[0m[0143] METRICS_CSV,6,16,4.2,21.1,2025-07-11T07:51:00.939Z 
[36mINFO[0m[0143] METRICS_CSV,19,4,4.2,21.1,2025-07-11T07:51:01.054Z 
[36mINFO[0m[0143] METRICS_CSV,31,4,4.2,21.1,2025-07-11T07:51:01.190Z 
[36mINFO[0m[0143] METRICS_CSV,3,20,4.2,21.1,2025-07-11T07:51:01.258Z 
[36mINFO[0m[0143] METRICS_CSV,30,6,4.2,21.1,2025-07-11T07:51:01.267Z 
[36mINFO[0m[0143] METRICS_CSV,16,15,4.2,21.1,2025-07-11T07:51:01.355Z 
[36mINFO[0m[0144] METRICS_CSV,2,7,4.2,21.1,2025-07-11T07:51:01.836Z 
[36mINFO[0m[0144] METRICS_CSV,28,5,8.9,21.1,2025-07-11T07:51:02.123Z 
[36mINFO[0m[0144] METRICS_CSV,20,10,8.9,21.1,2025-07-11T07:51:02.520Z 
[36mINFO[0m[0144] METRICS_CSV,9,9,8.9,21.1,2025-07-11T07:51:02.715Z 
[36mINFO[0m[0144] METRICS_CSV,35,6,8.9,21.1,2025-07-11T07:51:02.750Z 
[36mINFO[0m[0145] METRICS_CSV,27,7,8.9,21.1,2025-07-11T07:51:02.929Z 
[36mINFO[0m[0145] METRICS_CSV,14,3,8.9,21.1,2025-07-11T07:51:03.017Z 
[36mINFO[0m[0145] METRICS_CSV,30,7,8.4,21.1,2025-07-11T07:51:03.225Z 
[36mINFO[0m[0145] METRICS_CSV,19,5,8.4,21.1,2025-07-11T07:51:03.225Z 
[36mINFO[0m[0145] METRICS_CSV,36,3,8.4,21.1,2025-07-11T07:51:03.474Z 
[36mINFO[0m[0145] METRICS_CSV,31,5,8.4,21.1,2025-07-11T07:51:03.619Z 
[36mINFO[0m[0146] METRICS_CSV,6,17,8.4,21.1,2025-07-11T07:51:03.923Z 
[36mINFO[0m[0146] METRICS_CSV,20,11,8.4,21.1,2025-07-11T07:51:03.982Z 
[36mINFO[0m[0146] METRICS_CSV,2,8,8.4,21.1,2025-07-11T07:51:04.043Z 
[36mINFO[0m[0146] METRICS_CSV,29,7,4.6,21.1,2025-07-11T07:51:04.446Z 
[36mINFO[0m[0146] METRICS_CSV,21,13,4.6,21.1,2025-07-11T07:51:04.776Z 
[36mINFO[0m[0147] METRICS_CSV,34,4,4.6,21.1,2025-07-11T07:51:04.840Z 
[36mINFO[0m[0147] METRICS_CSV,14,4,5.4,21.1,2025-07-11T07:51:05.540Z 
[36mINFO[0m[0147] METRICS_CSV,29,8,5.4,21.1,2025-07-11T07:51:05.541Z 
[36mINFO[0m[0147] METRICS_CSV,9,10,5.4,21.1,2025-07-11T07:51:05.541Z 
[36mINFO[0m[0148] METRICS_CSV,36,4,5.4,21.1,2025-07-11T07:51:05.817Z 
[36mINFO[0m[0148] METRICS_CSV,23,16,5.4,21.1,2025-07-11T07:51:05.840Z 
[36mINFO[0m[0148] METRICS_CSV,16,15,5.4,21.1,2025-07-11T07:51:05.875Z 
[36mINFO[0m[0148] METRICS_CSV,3,20,5.4,21.1,2025-07-11T07:51:05.924Z 
[36mINFO[0m[0148] METRICS_CSV,4,20,5.4,21.1,2025-07-11T07:51:06.427Z 
[36mINFO[0m[0148] METRICS_CSV,5,18,7,21.1,2025-07-11T07:51:06.617Z 
[36mINFO[0m[0149] METRICS_CSV,21,14,7,21.1,2025-07-11T07:51:06.868Z 
[36mINFO[0m[0149] METRICS_CSV,34,5,7,21.1,2025-07-11T07:51:07.150Z 
[36mINFO[0m[0149] METRICS_CSV,16,16,7,21.1,2025-07-11T07:51:07.303Z 
[36mINFO[0m[0149] METRICS_CSV,3,21,7,21.1,2025-07-11T07:51:07.428Z 
[36mINFO[0m[0149] METRICS_CSV,4,21,5.4,21.1,2025-07-11T07:51:07.744Z 
[36mINFO[0m[0149] METRICS_CSV,28,5,5.4,21.1,2025-07-11T07:51:07.746Z 
[36mINFO[0m[0150] METRICS_CSV,27,7,5.4,21.1,2025-07-11T07:51:07.836Z 
[36mINFO[0m[0150] METRICS_CSV,5,19,5.4,21.1,2025-07-11T07:51:07.915Z 
[36mINFO[0m[0150] METRICS_CSV,35,6,5.4,21.1,2025-07-11T07:51:08.000Z 
[36mINFO[0m[0150] METRICS_CSV,30,7,5.4,21.1,2025-07-11T07:51:08.010Z 
[36mINFO[0m[0150] METRICS_CSV,20,11,5.4,21.1,2025-07-11T07:51:08.171Z 
[36mINFO[0m[0150] METRICS_CSV,23,17,5.4,21.1,2025-07-11T07:51:08.410Z 
[36mINFO[0m[0151] METRICS_CSV,31,5,5.4,21.1,2025-07-11T07:51:09.015Z 
[36mINFO[0m[0151] METRICS_CSV,6,17,5.4,21.1,2025-07-11T07:51:09.114Z 
[36mINFO[0m[0151] METRICS_CSV,19,5,5.4,21.1,2025-07-11T07:51:09.204Z 
[36mINFO[0m[0151] METRICS_CSV,28,6,5.4,21.1,2025-07-11T07:51:09.526Z 
[36mINFO[0m[0152] METRICS_CSV,2,8,5.5,21.1,2025-07-11T07:51:10.214Z 
[36mINFO[0m[0152] METRICS_CSV,20,12,5.5,21.1,2025-07-11T07:51:10.215Z 
[36mINFO[0m[0152] METRICS_CSV,9,10,5.5,21.1,2025-07-11T07:51:10.216Z 
[36mINFO[0m[0152] METRICS_CSV,27,8,5.5,21.1,2025-07-11T07:51:10.275Z 
[36mINFO[0m[0152] METRICS_CSV,36,4,5.5,21.1,2025-07-11T07:51:10.280Z 
[36mINFO[0m[0152] METRICS_CSV,16,16,5.5,21.1,2025-07-11T07:51:10.477Z 
[36mINFO[0m[0152] METRICS_CSV,30,8,5.5,21.1,2025-07-11T07:51:10.759Z 
[36mINFO[0m[0152] METRICS_CSV,14,4,5.5,21.1,2025-07-11T07:51:10.784Z 
[36mINFO[0m[0153] METRICS_CSV,21,14,5.5,21.1,2025-07-11T07:51:10.858Z 
[36mINFO[0m[0153] METRICS_CSV,29,8,5.5,21.1,2025-07-11T07:51:10.858Z 
[36mINFO[0m[0153] METRICS_CSV,35,7,5.5,21.1,2025-07-11T07:51:10.964Z 
[36mINFO[0m[0153] METRICS_CSV,34,5,4.2,21,2025-07-11T07:51:11.338Z 
[36mINFO[0m[0153] METRICS_CSV,31,6,4.2,21,2025-07-11T07:51:11.382Z 
[36mINFO[0m[0154] METRICS_CSV,2,9,4.2,21,2025-07-11T07:51:11.901Z 
[36mINFO[0m[0154] METRICS_CSV,21,15,4.2,21,2025-07-11T07:51:11.905Z 
[36mINFO[0m[0154] METRICS_CSV,19,6,4.2,21,2025-07-11T07:51:11.924Z 
[36mINFO[0m[0154] METRICS_CSV,14,5,4.2,21,2025-07-11T07:51:11.991Z 
[36mINFO[0m[0154] METRICS_CSV,6,18,4.2,21,2025-07-11T07:51:12.046Z 
[36mINFO[0m[0154] METRICS_CSV,5,19,4.2,21,2025-07-11T07:51:12.058Z 
[36mINFO[0m[0154] METRICS_CSV,4,21,4.2,21,2025-07-11T07:51:12.071Z 
[36mINFO[0m[0154] METRICS_CSV,3,21,4.2,21,2025-07-11T07:51:12.422Z 
[36mINFO[0m[0154] METRICS_CSV,36,5,4.2,21,2025-07-11T07:51:12.424Z 
[36mINFO[0m[0154] METRICS_CSV,16,17,4.2,21,2025-07-11T07:51:12.425Z 
[36mINFO[0m[0154] METRICS_CSV,23,17,4.2,21,2025-07-11T07:51:12.425Z 
[36mINFO[0m[0154] METRICS_CSV,9,11,4.2,21,2025-07-11T07:51:12.800Z 
[36mINFO[0m[0155] METRICS_CSV,29,9,4.2,21,2025-07-11T07:51:13.150Z 
[36mINFO[0m[0155] METRICS_CSV,34,6,4.2,21,2025-07-11T07:51:13.426Z 
[36mINFO[0m[0156] METRICS_CSV,4,22,4.2,21,2025-07-11T07:51:14.097Z 
[36mINFO[0m[0156] METRICS_CSV,5,20,4.2,21,2025-07-11T07:51:14.113Z 
[36mINFO[0m[0156] METRICS_CSV,3,22,4.6,21,2025-07-11T07:51:14.528Z 
[36mINFO[0m[0156] METRICS_CSV,30,8,4.6,21,2025-07-11T07:51:14.570Z 
[36mINFO[0m[0156] METRICS_CSV,27,8,4.6,21,2025-07-11T07:51:14.609Z 
[36mINFO[0m[0157] METRICS_CSV,23,18,4.6,21,2025-07-11T07:51:15.097Z 
[36mINFO[0m[0157] METRICS_CSV,20,12,4.6,21,2025-07-11T07:51:15.289Z 
[36mINFO[0m[0157] METRICS_CSV,35,7,4.6,21,2025-07-11T07:51:15.362Z 
[36mINFO[0m[0158] METRICS_CSV,28,6,4.6,21,2025-07-11T07:51:15.828Z 
[36mINFO[0m[0158] METRICS_CSV,21,15,4.6,21,2025-07-11T07:51:15.976Z 
[36mINFO[0m[0158] METRICS_CSV,27,9,4.6,21,2025-07-11T07:51:16.175Z 
[36mINFO[0m[0158] METRICS_CSV,31,6,4.6,21,2025-07-11T07:51:16.228Z 
[36mINFO[0m[0158] METRICS_CSV,36,5,4.6,21,2025-07-11T07:51:16.530Z 
[36mINFO[0m[0158] METRICS_CSV,19,6,4.6,21,2025-07-11T07:51:16.533Z 
[36mINFO[0m[0159] METRICS_CSV,6,18,2.9,21,2025-07-11T07:51:16.895Z 
[36mINFO[0m[0159] METRICS_CSV,30,9,2.9,21,2025-07-11T07:51:16.898Z 
[36mINFO[0m[0159] METRICS_CSV,34,6,2.9,21,2025-07-11T07:51:16.950Z 
[36mINFO[0m[0159] METRICS_CSV,2,9,2.9,21,2025-07-11T07:51:16.967Z 
[36mINFO[0m[0159] METRICS_CSV,20,13,2.9,21,2025-07-11T07:51:17.031Z 
[36mINFO[0m[0159] METRICS_CSV,29,9,2.9,21,2025-07-11T07:51:17.045Z 
[36mINFO[0m[0159] METRICS_CSV,31,7,2.9,21,2025-07-11T07:51:17.235Z 
[36mINFO[0m[0159] METRICS_CSV,14,5,2.9,21,2025-07-11T07:51:17.263Z 
[36mINFO[0m[0160] METRICS_CSV,9,11,5,21,2025-07-11T07:51:17.949Z 
[36mINFO[0m[0160] METRICS_CSV,28,7,5,21,2025-07-11T07:51:17.949Z 
[36mINFO[0m[0160] METRICS_CSV,35,8,5,21,2025-07-11T07:51:18.134Z 
[36mINFO[0m[0160] METRICS_CSV,21,16,5,21,2025-07-11T07:51:18.390Z 
[36mINFO[0m[0160] METRICS_CSV,36,6,5,21,2025-07-11T07:51:18.494Z 
[36mINFO[0m[0161] METRICS_CSV,19,7,3.8,21,2025-07-11T07:51:19.228Z 
[36mINFO[0m[0161] METRICS_CSV,34,7,3.8,21,2025-07-11T07:51:19.231Z 
[36mINFO[0m[0161] METRICS_CSV,29,10,3.8,21,2025-07-11T07:51:19.266Z 
[36mINFO[0m[0161] METRICS_CSV,6,19,3.8,21,2025-07-11T07:51:19.417Z 
[36mINFO[0m[0161] METRICS_CSV,2,10,3.8,21,2025-07-11T07:51:19.444Z 
[36mINFO[0m[0161] METRICS_CSV,16,17,3.8,21,2025-07-11T07:51:19.480Z 
[36mINFO[0m[0161] METRICS_CSV,5,20,3.8,21,2025-07-11T07:51:19.567Z 
[36mINFO[0m[0162] METRICS_CSV,3,22,3.8,21,2025-07-11T07:51:19.838Z 
[36mINFO[0m[0162] METRICS_CSV,4,22,3.8,21,2025-07-11T07:51:20.081Z 
[36mINFO[0m[0162] METRICS_CSV,14,6,7.6,21,2025-07-11T07:51:20.243Z 
[36mINFO[0m[0162] METRICS_CSV,23,18,7.6,21,2025-07-11T07:51:20.380Z 
[36mINFO[0m[0162] METRICS_CSV,9,12,7.6,21,2025-07-11T07:51:20.582Z 
[36mINFO[0m[0162] METRICS_CSV,16,18,7.6,21,2025-07-11T07:51:20.645Z 
[36mINFO[0m[0163] METRICS_CSV,27,9,7.6,21,2025-07-11T07:51:21.080Z 
[36mINFO[0m[0163] METRICS_CSV,20,13,4.6,21,2025-07-11T07:51:21.633Z 
[36mINFO[0m[0163] METRICS_CSV,5,21,4.6,21,2025-07-11T07:51:21.638Z 
[36mINFO[0m[0163] METRICS_CSV,28,7,4.6,21,2025-07-11T07:51:21.746Z 
[36mINFO[0m[0164] METRICS_CSV,30,9,4.6,21,2025-07-11T07:51:21.931Z 
[36mINFO[0m[0164] METRICS_CSV,23,19,4.6,21,2025-07-11T07:51:22.148Z 
[36mINFO[0m[0164] METRICS_CSV,4,23,4.6,21,2025-07-11T07:51:22.407Z 
[36mINFO[0m[0164] METRICS_CSV,36,6,4.2,21,2025-07-11T07:51:22.648Z 
[36mINFO[0m[0164] METRICS_CSV,27,10,4.2,21,2025-07-11T07:51:22.649Z 
[36mINFO[0m[0164] METRICS_CSV,3,23,4.2,21,2025-07-11T07:51:22.714Z 
[36mINFO[0m[0165] METRICS_CSV,35,8,4.2,21,2025-07-11T07:51:22.822Z 
[36mINFO[0m[0165] METRICS_CSV,20,14,4.2,21,2025-07-11T07:51:22.903Z 
[36mINFO[0m[0165] METRICS_CSV,28,8,4.2,21,2025-07-11T07:51:23.146Z 
[36mINFO[0m[0165] METRICS_CSV,31,7,4.2,21,2025-07-11T07:51:23.146Z 
[36mINFO[0m[0165] METRICS_CSV,21,16,3.8,21,2025-07-11T07:51:23.660Z 
[36mINFO[0m[0166] METRICS_CSV,2,10,3.8,21,2025-07-11T07:51:24.280Z 
[36mINFO[0m[0166] METRICS_CSV,19,7,3.8,21,2025-07-11T07:51:24.299Z 
[36mINFO[0m[0166] METRICS_CSV,6,19,3.8,21,2025-07-11T07:51:24.547Z 
[36mINFO[0m[0166] METRICS_CSV,16,18,4.2,21,2025-07-11T07:51:24.672Z 
[36mINFO[0m[0166] METRICS_CSV,30,10,4.2,21,2025-07-11T07:51:24.675Z 
[36mINFO[0m[0166] METRICS_CSV,34,7,4.2,21,2025-07-11T07:51:24.676Z 
[36mINFO[0m[0166] METRICS_CSV,35,9,4.2,21,2025-07-11T07:51:24.700Z 
[36mINFO[0m[0166] METRICS_CSV,36,7,4.2,21,2025-07-11T07:51:24.728Z 
[36mINFO[0m[0167] METRICS_CSV,29,10,4.2,21,2025-07-11T07:51:25.435Z 
[36mINFO[0m[0167] METRICS_CSV,31,8,3.8,21,2025-07-11T07:51:25.791Z 
[36mINFO[0m[0168] METRICS_CSV,9,12,3.8,21,2025-07-11T07:51:26.045Z 
[36mINFO[0m[0168] METRICS_CSV,23,19,3.8,21,2025-07-11T07:51:26.093Z 
[36mINFO[0m[0168] METRICS_CSV,21,17,3.8,21,2025-07-11T07:51:26.220Z 
[36mINFO[0m[0168] METRICS_CSV,34,8,3.8,21,2025-07-11T07:51:26.318Z 
[36mINFO[0m[0168] METRICS_CSV,14,6,3.8,21,2025-07-11T07:51:26.341Z 
[36mINFO[0m[0168] METRICS_CSV,16,19,3.8,21,2025-07-11T07:51:26.369Z 
[36mINFO[0m[0168] METRICS_CSV,19,8,3.8,21,2025-07-11T07:51:26.424Z 
[36mINFO[0m[0168] METRICS_CSV,5,21,3.8,21,2025-07-11T07:51:26.554Z 
[36mINFO[0m[0169] METRICS_CSV,2,11,5.4,21,2025-07-11T07:51:26.857Z 
[36mINFO[0m[0169] METRICS_CSV,6,20,5.4,21,2025-07-11T07:51:27.068Z 
[36mINFO[0m[0169] METRICS_CSV,9,13,5.4,21,2025-07-11T07:51:27.252Z 
[36mINFO[0m[0169] METRICS_CSV,28,8,5.4,21,2025-07-11T07:51:27.595Z 
[36mINFO[0m[0170] METRICS_CSV,5,22,3.3,21,2025-07-11T07:51:27.868Z 
[36mINFO[0m[0170] METRICS_CSV,4,23,3.3,21,2025-07-11T07:51:28.002Z 
[36mINFO[0m[0170] METRICS_CSV,3,23,3.3,21,2025-07-11T07:51:28.012Z 
[36mINFO[0m[0170] METRICS_CSV,29,11,3.3,21,2025-07-11T07:51:28.368Z 
[36mINFO[0m[0170] METRICS_CSV,23,20,3.3,21,2025-07-11T07:51:28.534Z 
[36mINFO[0m[0170] METRICS_CSV,27,10,3.3,21,2025-07-11T07:51:28.640Z 
[36mINFO[0m[0171] METRICS_CSV,14,7,4.2,21,2025-07-11T07:51:29.048Z 
[36mINFO[0m[0171] METRICS_CSV,20,14,4.2,21,2025-07-11T07:51:29.088Z 
[36mINFO[0m[0171] METRICS_CSV,28,9,4.2,21,2025-07-11T07:51:29.384Z 
[36mINFO[0m[0172] METRICS_CSV,36,7,4.6,21.1,2025-07-11T07:51:30.136Z 
[36mINFO[0m[0172] METRICS_CSV,35,9,4.6,21.1,2025-07-11T07:51:30.140Z 
[36mINFO[0m[0172] METRICS_CSV,30,10,4.6,21.1,2025-07-11T07:51:30.140Z 
[36mINFO[0m[0172] METRICS_CSV,3,24,4.6,21.1,2025-07-11T07:51:30.203Z 
[36mINFO[0m[0172] METRICS_CSV,16,19,4.6,21.1,2025-07-11T07:51:30.447Z 
[36mINFO[0m[0172] METRICS_CSV,19,8,4.6,21.1,2025-07-11T07:51:30.686Z 
[36mINFO[0m[0172] METRICS_CSV,6,20,4.6,21.1,2025-07-11T07:51:30.781Z 
[36mINFO[0m[0173] METRICS_CSV,21,17,4.6,21.1,2025-07-11T07:51:30.849Z 
[36mINFO[0m[0173] METRICS_CSV,4,24,4.6,21.1,2025-07-11T07:51:30.958Z 
[36mINFO[0m[0173] METRICS_CSV,27,11,3.8,21,2025-07-11T07:51:31.306Z 
[36mINFO[0m[0173] METRICS_CSV,20,15,3.8,21,2025-07-11T07:51:31.350Z 
[36mINFO[0m[0173] METRICS_CSV,31,8,3.8,21,2025-07-11T07:51:31.418Z 
[36mINFO[0m[0173] METRICS_CSV,35,10,3.8,21,2025-07-11T07:51:31.737Z 
[36mINFO[0m[0174] METRICS_CSV,2,11,3.8,21.1,2025-07-11T07:51:32.325Z 
[36mINFO[0m[0174] METRICS_CSV,19,9,3.8,21.1,2025-07-11T07:51:32.606Z 
[36mINFO[0m[0174] METRICS_CSV,29,11,3.8,21.1,2025-07-11T07:51:32.691Z 
[36mINFO[0m[0174] METRICS_CSV,16,20,3.8,21.1,2025-07-11T07:51:32.707Z 
[36mINFO[0m[0175] METRICS_CSV,31,9,3.8,21.1,2025-07-11T07:51:32.846Z 
[36mINFO[0m[0175] METRICS_CSV,9,13,3.8,21.1,2025-07-11T07:51:32.884Z 
[36mINFO[0m[0175] METRICS_CSV,36,8,3.8,21.1,2025-07-11T07:51:32.890Z 
[36mINFO[0m[0175] METRICS_CSV,34,8,3.8,21.1,2025-07-11T07:51:32.909Z 
[36mINFO[0m[0175] METRICS_CSV,21,18,3.8,21.1,2025-07-11T07:51:32.969Z 
[36mINFO[0m[0175] METRICS_CSV,30,11,3.8,21.1,2025-07-11T07:51:33.024Z 
[36mINFO[0m[0175] METRICS_CSV,6,21,4.2,21.1,2025-07-11T07:51:33.395Z 
[36mINFO[0m[0176] METRICS_CSV,23,20,4.2,21.1,2025-07-11T07:51:33.813Z 
[36mINFO[0m[0176] METRICS_CSV,14,7,4.2,21.1,2025-07-11T07:51:33.972Z 
[36mINFO[0m[0176] METRICS_CSV,3,24,4.2,21.1,2025-07-11T07:51:34.256Z 
[36mINFO[0m[0176] METRICS_CSV,5,22,4.2,21.1,2025-07-11T07:51:34.505Z 
[36mINFO[0m[0176] METRICS_CSV,28,9,4.2,21.1,2025-07-11T07:51:34.543Z 
[36mINFO[0m[0176] METRICS_CSV,9,14,4.2,21.1,2025-07-11T07:51:34.589Z 
[36mINFO[0m[0177] METRICS_CSV,29,12,4.2,21.1,2025-07-11T07:51:34.837Z 
[36mINFO[0m[0177] METRICS_CSV,2,12,4.2,21.1,2025-07-11T07:51:34.857Z 
[36mINFO[0m[0177] METRICS_CSV,14,8,4.2,21.1,2025-07-11T07:51:35.035Z 
[36mINFO[0m[0177] METRICS_CSV,34,9,4.2,21.1,2025-07-11T07:51:35.275Z 
[36mINFO[0m[0177] METRICS_CSV,5,23,2.9,21,2025-07-11T07:51:35.675Z 
[36mINFO[0m[0177] METRICS_CSV,20,15,2.9,21,2025-07-11T07:51:35.693Z 
[36mINFO[0m[0178] METRICS_CSV,28,10,2.9,21,2025-07-11T07:51:36.212Z 
[36mINFO[0m[0178] METRICS_CSV,3,25,2.9,21,2025-07-11T07:51:36.567Z 
[36mINFO[0m[0179] METRICS_CSV,4,24,3.8,21.1,2025-07-11T07:51:36.889Z 
[36mINFO[0m[0179] METRICS_CSV,23,21,3.8,21.1,2025-07-11T07:51:36.894Z 
[36mINFO[0m[0179] METRICS_CSV,6,21,3.8,21.1,2025-07-11T07:51:36.986Z 
[36mINFO[0m[0179] METRICS_CSV,31,9,3.8,21.1,2025-07-11T07:51:37.488Z 
[36mINFO[0m[0179] METRICS_CSV,16,20,3.8,21.1,2025-07-11T07:51:37.543Z 
[36mINFO[0m[0180] METRICS_CSV,35,10,3.3,21.1,2025-07-11T07:51:37.973Z 
[36mINFO[0m[0180] METRICS_CSV,36,8,3.3,21.1,2025-07-11T07:51:37.977Z 
[36mINFO[0m[0180] METRICS_CSV,27,11,3.3,21.1,2025-07-11T07:51:37.977Z 
[36mINFO[0m[0180] METRICS_CSV,20,16,3.3,21.1,2025-07-11T07:51:38.064Z 
[36mINFO[0m[0180] METRICS_CSV,19,9,3.3,21.1,2025-07-11T07:51:38.299Z 
[36mINFO[0m[0180] METRICS_CSV,4,25,3.3,21.1,2025-07-11T07:51:38.474Z 
[36mINFO[0m[0180] METRICS_CSV,30,11,3.3,21.1,2025-07-11T07:51:38.610Z 
[36mINFO[0m[0181] METRICS_CSV,37,0,3.3,21.1,2025-07-11T07:51:38.847Z 
[36mINFO[0m[0181] METRICS_CSV,21,18,4.2,21.1,2025-07-11T07:51:39.115Z 
[36mINFO[0m[0181] METRICS_CSV,29,12,4.2,21.1,2025-07-11T07:51:39.211Z 
[36mINFO[0m[0181] METRICS_CSV,36,9,4.2,21.1,2025-07-11T07:51:39.543Z 
[36mINFO[0m[0181] METRICS_CSV,16,21,4.2,21.1,2025-07-11T07:51:39.551Z 
[36mINFO[0m[0181] METRICS_CSV,30,12,4.2,21.1,2025-07-11T07:51:39.660Z 
[36mINFO[0m[0181] METRICS_CSV,6,22,4.2,21.1,2025-07-11T07:51:39.761Z 
[36mINFO[0m[0182] METRICS_CSV,7,0,4.2,21.1,2025-07-11T07:51:39.846Z 
[36mINFO[0m[0182] METRICS_CSV,27,12,4.2,21.1,2025-07-11T07:51:39.973Z 
[36mINFO[0m[0182] METRICS_CSV,31,10,3.7,21,2025-07-11T07:51:40.196Z 
[36mINFO[0m[0182] METRICS_CSV,35,11,3.7,21,2025-07-11T07:51:40.199Z 
[36mINFO[0m[0182] METRICS_CSV,14,8,3.7,21,2025-07-11T07:51:40.201Z 
[36mINFO[0m[0182] METRICS_CSV,5,23,3.7,21,2025-07-11T07:51:40.246Z 
[36mINFO[0m[0182] METRICS_CSV,34,9,3.7,21,2025-07-11T07:51:40.262Z 
[36mINFO[0m[0182] METRICS_CSV,9,14,3.7,21,2025-07-11T07:51:40.385Z 
[36mINFO[0m[0182] METRICS_CSV,19,10,3.7,21,2025-07-11T07:51:40.764Z 
[36mINFO[0m[0183] METRICS_CSV,32,0,3.7,21,2025-07-11T07:51:40.844Z 
[36mINFO[0m[0183] METRICS_CSV,23,21,3.7,21,2025-07-11T07:51:40.889Z 
[36mINFO[0m[0183] METRICS_CSV,28,10,3.7,21,2025-07-11T07:51:40.961Z 
[36mINFO[0m[0183] METRICS_CSV,2,12,3.7,21,2025-07-11T07:51:41.041Z 
[36mINFO[0m[0183] METRICS_CSV,29,13,3.3,21.1,2025-07-11T07:51:41.273Z 
[36mINFO[0m[0183] METRICS_CSV,34,10,3.3,21.1,2025-07-11T07:51:41.525Z 
[36mINFO[0m[0184] METRICS_CSV,12,0,3.3,21.1,2025-07-11T07:51:41.846Z 
[36mINFO[0m[0184] METRICS_CSV,14,9,3.3,21.1,2025-07-11T07:51:41.896Z 
[36mINFO[0m[0184] METRICS_CSV,21,19,3.3,21.1,2025-07-11T07:51:41.951Z 
[36mINFO[0m[0184] METRICS_CSV,3,25,3.3,21.1,2025-07-11T07:51:42.033Z 
[36mINFO[0m[0184] METRICS_CSV,2,13,5,21.1,2025-07-11T07:51:42.433Z 
[36mINFO[0m[0184] METRICS_CSV,28,11,5,21.1,2025-07-11T07:51:42.438Z 
[36mINFO[0m[0184] METRICS_CSV,20,16,5,21.1,2025-07-11T07:51:42.439Z 
[36mINFO[0m[0184] METRICS_CSV,5,24,5,21.1,2025-07-11T07:51:42.754Z 
[36mINFO[0m[0185] METRICS_CSV,39,0,5,21.1,2025-07-11T07:51:42.846Z 
[36mINFO[0m[0185] METRICS_CSV,9,15,5,21.1,2025-07-11T07:51:42.911Z 
[36mINFO[0m[0185] METRICS_CSV,23,22,5,21.1,2025-07-11T07:51:43.179Z 
[36mINFO[0m[0185] METRICS_CSV,3,26,3.3,21.1,2025-07-11T07:51:43.546Z 
[36mINFO[0m[0185] METRICS_CSV,27,12,3.3,21.1,2025-07-11T07:51:43.615Z 
[36mINFO[0m[0185] METRICS_CSV,36,9,3.3,21.1,2025-07-11T07:51:43.623Z 
[36mINFO[0m[0186] METRICS_CSV,26,0,3.3,21.1,2025-07-11T07:51:43.845Z 
[36mINFO[0m[0186] METRICS_CSV,4,25,3.3,21.1,2025-07-11T07:51:43.971Z 
[36mINFO[0m[0186] METRICS_CSV,37,0,3.3,21.1,2025-07-11T07:51:43.999Z 
[36mINFO[0m[0186] METRICS_CSV,31,10,3.3,21.1,2025-07-11T07:51:44.163Z 
[36mINFO[0m[0186] METRICS_CSV,6,22,3.3,21.1,2025-07-11T07:51:44.225Z 
[36mINFO[0m[0187] METRICS_CSV,20,17,3.8,21.1,2025-07-11T07:51:44.856Z 
[36mINFO[0m[0187] METRICS_CSV,18,0,3.8,21.1,2025-07-11T07:51:44.859Z 
[36mINFO[0m[0187] METRICS_CSV,27,13,3.8,21.1,2025-07-11T07:51:44.914Z 
[36mINFO[0m[0187] METRICS_CSV,4,26,3.8,21.1,2025-07-11T07:51:44.985Z 
[36mINFO[0m[0187] METRICS_CSV,16,21,3.8,21.1,2025-07-11T07:51:45.156Z 
[36mINFO[0m[0187] METRICS_CSV,36,10,3.8,21.1,2025-07-11T07:51:45.164Z 
[36mINFO[0m[0187] METRICS_CSV,31,11,3.8,21.1,2025-07-11T07:51:45.175Z 
[36mINFO[0m[0187] METRICS_CSV,7,0,3.8,21.1,2025-07-11T07:51:45.232Z 
[36mINFO[0m[0187] METRICS_CSV,6,23,3.8,21.1,2025-07-11T07:51:45.350Z 
[36mINFO[0m[0187] METRICS_CSV,32,0,3.8,21.1,2025-07-11T07:51:45.375Z 
[36mINFO[0m[0187] METRICS_CSV,35,11,3.8,21.1,2025-07-11T07:51:45.491Z 
[36mINFO[0m[0187] METRICS_CSV,29,13,3.8,21.1,2025-07-11T07:51:45.536Z 
[36mINFO[0m[0187] METRICS_CSV,37,1,3.8,21.1,2025-07-11T07:51:45.569Z 
[36mINFO[0m[0187] METRICS_CSV,14,9,3.8,21.1,2025-07-11T07:51:45.704Z 
[36mINFO[0m[0188] METRICS_CSV,22,0,4.2,21.1,2025-07-11T07:51:45.947Z 
[36mINFO[0m[0188] METRICS_CSV,34,10,4.2,21.1,2025-07-11T07:51:45.952Z 
[36mINFO[0m[0188] METRICS_CSV,30,12,4.2,21.1,2025-07-11T07:51:45.952Z 
[36mINFO[0m[0188] METRICS_CSV,19,10,4.2,21.1,2025-07-11T07:51:46.090Z 
[36mINFO[0m[0188] METRICS_CSV,29,14,4.2,21.1,2025-07-11T07:51:46.803Z 
[36mINFO[0m[0189] METRICS_CSV,8,0,4.2,21.1,2025-07-11T07:51:46.846Z 
[36mINFO[0m[0189] METRICS_CSV,9,15,4.6,21.1,2025-07-11T07:51:47.021Z 
[36mINFO[0m[0189] METRICS_CSV,23,22,4.6,21.1,2025-07-11T07:51:47.130Z 
[36mINFO[0m[0189] METRICS_CSV,21,19,4.6,21.1,2025-07-11T07:51:47.137Z 
[36mINFO[0m[0189] METRICS_CSV,32,1,4.6,21.1,2025-07-11T07:51:47.220Z 
[36mINFO[0m[0189] METRICS_CSV,16,22,4.6,21.1,2025-07-11T07:51:47.312Z 
[36mINFO[0m[0189] METRICS_CSV,34,11,4.6,21.1,2025-07-11T07:51:47.372Z 
[36mINFO[0m[0189] METRICS_CSV,14,10,4.6,21.1,2025-07-11T07:51:47.385Z 
[36mINFO[0m[0189] METRICS_CSV,12,0,4.6,21.1,2025-07-11T07:51:47.404Z 
[36mINFO[0m[0189] METRICS_CSV,19,11,4.6,21.1,2025-07-11T07:51:47.599Z 
[36mINFO[0m[0189] METRICS_CSV,26,0,4.6,21.1,2025-07-11T07:51:47.663Z 
[36mINFO[0m[0189] METRICS_CSV,7,1,4.6,21.1,2025-07-11T07:51:47.740Z 
[36mINFO[0m[0189] METRICS_CSV,30,13,4.6,21.1,2025-07-11T07:51:47.799Z 
[36mINFO[0m[0190] METRICS_CSV,11,0,4.6,21.1,2025-07-11T07:51:47.846Z 
[36mINFO[0m[0190] METRICS_CSV,5,24,4.6,21.1,2025-07-11T07:51:47.871Z 
[36mINFO[0m[0190] METRICS_CSV,35,12,4.2,21,2025-07-11T07:51:48.048Z 
[36mINFO[0m[0190] METRICS_CSV,28,11,4.2,21,2025-07-11T07:51:48.053Z 
[36mINFO[0m[0190] METRICS_CSV,2,13,4.2,21,2025-07-11T07:51:48.322Z 
[36mINFO[0m[0190] METRICS_CSV,12,1,4.2,21,2025-07-11T07:51:48.525Z 
[36mINFO[0m[0190] METRICS_CSV,3,26,4.2,21,2025-07-11T07:51:48.650Z 
[36mINFO[0m[0190] METRICS_CSV,23,23,4.2,21,2025-07-11T07:51:48.723Z 
[36mINFO[0m[0191] METRICS_CSV,13,0,4.2,21,2025-07-11T07:51:48.845Z 
[36mINFO[0m[0191] METRICS_CSV,20,17,2.9,21,2025-07-11T07:51:49.167Z 
[36mINFO[0m[0191] METRICS_CSV,36,10,2.9,21,2025-07-11T07:51:49.170Z 
[36mINFO[0m[0191] METRICS_CSV,27,13,2.9,21,2025-07-11T07:51:49.222Z 
[36mINFO[0m[0191] METRICS_CSV,21,20,2.9,21,2025-07-11T07:51:49.281Z 
[36mINFO[0m[0191] METRICS_CSV,39,0,2.9,21,2025-07-11T07:51:49.356Z 
[36mINFO[0m[0191] METRICS_CSV,18,0,2.9,21,2025-07-11T07:51:49.420Z 
[36mINFO[0m[0191] METRICS_CSV,9,16,2.9,21,2025-07-11T07:51:49.498Z 
[36mINFO[0m[0192] METRICS_CSV,40,0,2.9,21,2025-07-11T07:51:49.846Z 
[36mINFO[0m[0192] METRICS_CSV,3,27,3.8,21,2025-07-11T07:51:50.191Z 
[36mINFO[0m[0192] METRICS_CSV,22,0,3.8,21,2025-07-11T07:51:50.252Z 
[36mINFO[0m[0192] METRICS_CSV,4,26,3.8,21,2025-07-11T07:51:50.287Z 
[36mINFO[0m[0192] METRICS_CSV,6,23,3.8,21,2025-07-11T07:51:50.402Z 
[36mINFO[0m[0192] METRICS_CSV,31,11,3.8,21,2025-07-11T07:51:50.427Z 
[36mINFO[0m[0192] METRICS_CSV,5,25,3.8,21,2025-07-11T07:51:50.500Z 
[36mINFO[0m[0192] METRICS_CSV,26,1,3.8,21,2025-07-11T07:51:50.515Z 
[36mINFO[0m[0192] METRICS_CSV,27,14,3.8,21,2025-07-11T07:51:50.518Z 
[36mINFO[0m[0192] METRICS_CSV,8,0,3.8,21,2025-07-11T07:51:50.671Z 
[36mINFO[0m[0192] METRICS_CSV,28,12,3.8,21,2025-07-11T07:51:50.682Z 
[36mINFO[0m[0192] METRICS_CSV,39,1,3.8,21,2025-07-11T07:51:50.767Z 
[36mINFO[0m[0193] METRICS_CSV,38,0,3.8,21,2025-07-11T07:51:50.845Z 
[36mINFO[0m[0193] METRICS_CSV,2,14,3.8,21,2025-07-11T07:51:50.968Z 
[36mINFO[0m[0193] METRICS_CSV,20,18,5,21.1,2025-07-11T07:51:51.472Z 
[36mINFO[0m[0193] METRICS_CSV,29,14,5,21.1,2025-07-11T07:51:51.478Z 
[36mINFO[0m[0193] METRICS_CSV,37,1,5,21.1,2025-07-11T07:51:51.498Z 
[36mINFO[0m[0193] METRICS_CSV,18,1,5,21.1,2025-07-11T07:51:51.790Z 
[36mINFO[0m[0193] METRICS_CSV,32,1,5,21.1,2025-07-11T07:51:51.798Z 
[36mINFO[0m[0194] METRICS_CSV,22,1,5,21.1,2025-07-11T07:51:51.834Z 
[36mINFO[0m[0194] METRICS_CSV,33,0,5,21.1,2025-07-11T07:51:51.846Z 
[36mINFO[0m[0194] METRICS_CSV,14,10,5,21.1,2025-07-11T07:51:51.927Z 
[36mINFO[0m[0194] METRICS_CSV,36,11,5,21.1,2025-07-11T07:51:51.932Z 
[36mINFO[0m[0194] METRICS_CSV,35,12,5,21.1,2025-07-11T07:51:52.089Z 
[36mINFO[0m[0194] METRICS_CSV,8,1,5,21.1,2025-07-11T07:51:52.209Z 
[36mINFO[0m[0194] METRICS_CSV,34,11,5,21.1,2025-07-11T07:51:52.283Z 
[36mINFO[0m[0194] METRICS_CSV,31,12,5,21.1,2025-07-11T07:51:52.287Z 
[36mINFO[0m[0194] METRICS_CSV,23,23,5,21.1,2025-07-11T07:51:52.599Z 
[36mINFO[0m[0194] METRICS_CSV,30,13,5,21.1,2025-07-11T07:51:52.604Z 
[36mINFO[0m[0194] METRICS_CSV,7,1,5,21.1,2025-07-11T07:51:52.605Z 
[36mINFO[0m[0194] METRICS_CSV,16,22,5,21.1,2025-07-11T07:51:52.749Z 
[36mINFO[0m[0195] METRICS_CSV,37,2,5,21.1,2025-07-11T07:51:52.813Z 
[36mINFO[0m[0195] METRICS_CSV,10,0,5,21.1,2025-07-11T07:51:52.846Z 
[36mINFO[0m[0195] METRICS_CSV,4,27,5,21.1,2025-07-11T07:51:53.063Z 
[36mINFO[0m[0195] METRICS_CSV,14,11,5,21.1,2025-07-11T07:51:53.144Z 
[36mINFO[0m[0195] METRICS_CSV,6,24,5,21.1,2025-07-11T07:51:53.386Z 
[36mINFO[0m[0195] METRICS_CSV,12,1,5,21.1,2025-07-11T07:51:53.490Z 
[36mINFO[0m[0195] METRICS_CSV,13,0,5,21.1,2025-07-11T07:51:53.629Z 
[36mINFO[0m[0195] METRICS_CSV,35,13,5,21.1,2025-07-11T07:51:53.633Z 
[36mINFO[0m[0196] METRICS_CSV,45,0,5,21.1,2025-07-11T07:51:53.845Z 
[36mINFO[0m[0196] METRICS_CSV,7,2,5,21.1,2025-07-11T07:51:54.005Z 
[36mINFO[0m[0196] METRICS_CSV,32,2,5,21.1,2025-07-11T07:51:54.089Z 
[36mINFO[0m[0196] METRICS_CSV,23,24,5,21.1,2025-07-11T07:51:54.092Z 
[36mINFO[0m[0196] METRICS_CSV,29,15,5,21.1,2025-07-11T07:51:54.442Z 
[36mINFO[0m[0196] METRICS_CSV,11,0,5,21.1,2025-07-11T07:51:54.442Z 
[36mINFO[0m[0196] METRICS_CSV,5,25,5,21.1,2025-07-11T07:51:54.454Z 
[36mINFO[0m[0196] METRICS_CSV,34,12,5,21.1,2025-07-11T07:51:54.481Z 
[36mINFO[0m[0196] METRICS_CSV,21,20,19.7,21.1,2025-07-11T07:51:54.650Z 
[36mINFO[0m[0196] METRICS_CSV,16,23,19.7,21.1,2025-07-11T07:51:54.651Z 
[36mINFO[0m[0196] METRICS_CSV,19,11,19.7,21.1,2025-07-11T07:51:54.679Z 
[36mINFO[0m[0196] METRICS_CSV,40,0,19.7,21.1,2025-07-11T07:51:54.696Z 
[36mINFO[0m[0196] METRICS_CSV,30,14,19.7,21.1,2025-07-11T07:51:54.788Z 
[36mINFO[0m[0197] METRICS_CSV,1,0,19.7,21.1,2025-07-11T07:51:54.844Z 
[36mINFO[0m[0197] METRICS_CSV,27,14,19.7,21.1,2025-07-11T07:51:54.874Z 
[36mINFO[0m[0197] METRICS_CSV,12,2,19.7,21.1,2025-07-11T07:51:54.896Z 
[36mINFO[0m[0197] METRICS_CSV,3,27,19.7,21.1,2025-07-11T07:51:54.978Z 
[36mINFO[0m[0197] METRICS_CSV,9,16,19.7,21.1,2025-07-11T07:51:55.143Z 
[36mINFO[0m[0197] METRICS_CSV,39,1,19.7,21.1,2025-07-11T07:51:55.263Z 
[36mINFO[0m[0197] METRICS_CSV,13,1,19.7,21.1,2025-07-11T07:51:55.504Z 
[36mINFO[0m[0197] METRICS_CSV,18,1,4.6,21.1,2025-07-11T07:51:55.751Z 
[36mINFO[0m[0197] METRICS_CSV,28,12,4.6,21.1,2025-07-11T07:51:55.756Z 
[36mINFO[0m[0197] METRICS_CSV,22,1,4.6,21.1,2025-07-11T07:51:55.756Z 
[36mINFO[0m[0198] METRICS_CSV,43,0,4.6,21.1,2025-07-11T07:51:55.846Z 
[36mINFO[0m[0198] METRICS_CSV,2,14,4.6,21.1,2025-07-11T07:51:56.344Z 
[36mINFO[0m[0198] METRICS_CSV,8,1,4.6,21.1,2025-07-11T07:51:56.372Z 
[36mINFO[0m[0198] METRICS_CSV,5,26,4.6,21.1,2025-07-11T07:51:56.436Z 
[36mINFO[0m[0199] METRICS_CSV,33,0,6.3,21.1,2025-07-11T07:51:56.849Z 
[36mINFO[0m[0199] METRICS_CSV,48,0,6.3,21.1,2025-07-11T07:51:56.850Z 
[36mINFO[0m[0199] METRICS_CSV,27,15,6.3,21.1,2025-07-11T07:51:56.856Z 
[36mINFO[0m[0199] METRICS_CSV,38,0,6.3,21.1,2025-07-11T07:51:56.874Z 
[36mINFO[0m[0199] METRICS_CSV,26,1,6.3,21.1,2025-07-11T07:51:56.940Z 
[36mINFO[0m[0199] METRICS_CSV,11,1,6.3,21.1,2025-07-11T07:51:57.164Z 
[36mINFO[0m[0199] METRICS_CSV,36,11,6.3,21.1,2025-07-11T07:51:57.201Z 
[36mINFO[0m[0199] METRICS_CSV,20,18,6.3,21.1,2025-07-11T07:51:57.374Z 
[36mINFO[0m[0199] METRICS_CSV,21,21,6.3,21.1,2025-07-11T07:51:57.411Z 
[36mINFO[0m[0199] METRICS_CSV,8,2,6.3,21.1,2025-07-11T07:51:57.430Z 
[36mINFO[0m[0199] METRICS_CSV,39,2,6.3,21.1,2025-07-11T07:51:57.514Z 
[36mINFO[0m[0199] METRICS_CSV,10,0,6.3,21.1,2025-07-11T07:51:57.527Z 
[36mINFO[0m[0199] METRICS_CSV,40,1,6.3,21.1,2025-07-11T07:51:57.549Z 
[36mINFO[0m[0199] METRICS_CSV,28,13,6.3,21.1,2025-07-11T07:51:57.601Z 
[36mINFO[0m[0199] METRICS_CSV,4,27,6.3,21.1,2025-07-11T07:51:57.604Z 
[36mINFO[0m[0199] METRICS_CSV,19,12,6.3,21.1,2025-07-11T07:51:57.621Z 
[36mINFO[0m[0199] METRICS_CSV,32,2,6.3,21.1,2025-07-11T07:51:57.635Z 
[36mINFO[0m[0199] METRICS_CSV,18,2,6.3,21.1,2025-07-11T07:51:57.703Z 
[36mINFO[0m[0199] METRICS_CSV,37,2,6.3,21.1,2025-07-11T07:51:57.739Z 
[36mINFO[0m[0200] METRICS_CSV,9,17,2.9,21.1,2025-07-11T07:51:57.930Z 
[36mINFO[0m[0200] METRICS_CSV,54,0,2.9,21.1,2025-07-11T07:51:57.936Z 
[36mINFO[0m[0200] METRICS_CSV,3,28,2.9,21.1,2025-07-11T07:51:57.936Z 
[36mINFO[0m[0200] METRICS_CSV,2,15,2.9,21.1,2025-07-11T07:51:57.942Z 
[36mINFO[0m[0200] METRICS_CSV,31,12,2.9,21.1,2025-07-11T07:51:58.207Z 
[36mINFO[0m[0200] METRICS_CSV,26,2,2.9,21.1,2025-07-11T07:51:58.234Z 
[36mINFO[0m[0200] METRICS_CSV,36,12,2.9,21.1,2025-07-11T07:51:58.358Z 
[36mINFO[0m[0200] METRICS_CSV,14,11,2.9,21.1,2025-07-11T07:51:58.378Z 
[36mINFO[0m[0200] METRICS_CSV,38,1,2.9,21.1,2025-07-11T07:51:58.431Z 
[36mINFO[0m[0200] METRICS_CSV,22,2,2.9,21.1,2025-07-11T07:51:58.614Z 
[36mINFO[0m[0200] METRICS_CSV,6,24,2.9,21.1,2025-07-11T07:51:58.614Z 
[36mINFO[0m[0201] METRICS_CSV,24,0,6.7,21.1,2025-07-11T07:51:58.947Z 
[36mINFO[0m[0201] METRICS_CSV,32,3,6.7,21.1,2025-07-11T07:51:58.952Z 
[36mINFO[0m[0201] METRICS_CSV,35,13,6.7,21.1,2025-07-11T07:51:58.978Z 
[36mINFO[0m[0201] METRICS_CSV,16,23,6.7,21.1,2025-07-11T07:51:59.032Z 
[36mINFO[0m[0201] METRICS_CSV,37,3,6.7,21.1,2025-07-11T07:51:59.032Z 
[36mINFO[0m[0201] METRICS_CSV,34,12,6.7,21.1,2025-07-11T07:51:59.088Z 
[36mINFO[0m[0201] METRICS_CSV,45,0,6.7,21.1,2025-07-11T07:51:59.151Z 
[36mINFO[0m[0201] METRICS_CSV,1,0,6.7,21.1,2025-07-11T07:51:59.371Z 
[36mINFO[0m[0201] METRICS_CSV,20,19,6.7,21.1,2025-07-11T07:51:59.656Z 
[36mINFO[0m[0201] METRICS_CSV,33,1,6.7,21.1,2025-07-11T07:51:59.715Z 
[36mINFO[0m[0202] METRICS_CSV,57,0,6.7,21.1,2025-07-11T07:51:59.846Z 
[36mINFO[0m[0202] METRICS_CSV,30,14,5.4,21.1,2025-07-11T07:51:59.966Z 
[36mINFO[0m[0202] METRICS_CSV,29,15,5.4,21.1,2025-07-11T07:51:59.968Z 
[36mINFO[0m[0202] METRICS_CSV,14,12,5.4,21.1,2025-07-11T07:52:00.000Z 
[36mINFO[0m[0202] METRICS_CSV,35,14,5.4,21.1,2025-07-11T07:52:00.093Z 
[36mINFO[0m[0202] METRICS_CSV,23,24,5.4,21.1,2025-07-11T07:52:00.098Z 
[36mINFO[0m[0202] METRICS_CSV,4,28,5.4,21.1,2025-07-11T07:52:00.167Z 
[36mINFO[0m[0202] METRICS_CSV,34,13,5.4,21.1,2025-07-11T07:52:00.295Z 
[36mINFO[0m[0202] METRICS_CSV,7,2,5.4,21.1,2025-07-11T07:52:00.321Z 
[36mINFO[0m[0202] METRICS_CSV,10,1,5.4,21.1,2025-07-11T07:52:00.379Z 
[36mINFO[0m[0202] METRICS_CSV,13,1,5.4,21.1,2025-07-11T07:52:00.583Z 
[36mINFO[0m[0202] METRICS_CSV,6,25,5.4,21.1,2025-07-11T07:52:00.596Z 
[36mINFO[0m[0202] METRICS_CSV,1,1,5.4,21.1,2025-07-11T07:52:00.686Z 
[36mINFO[0m[0203] METRICS_CSV,28,13,5.4,21.1,2025-07-11T07:52:00.837Z 
[36mINFO[0m[0203] METRICS_CSV,52,0,5.4,21.1,2025-07-11T07:52:00.845Z 
[36mINFO[0m[0203] METRICS_CSV,45,1,8.7,21.1,2025-07-11T07:52:00.977Z 
[36mINFO[0m[0203] METRICS_CSV,48,0,8.7,21.1,2025-07-11T07:52:00.979Z 
[36mINFO[0m[0203] METRICS_CSV,31,13,8.7,21.1,2025-07-11T07:52:01.010Z 
[36mINFO[0m[0203] METRICS_CSV,12,2,8.7,21.1,2025-07-11T07:52:01.068Z 
[36mINFO[0m[0203] METRICS_CSV,16,24,8.7,21.1,2025-07-11T07:52:01.099Z 
[36mINFO[0m[0203] METRICS_CSV,29,16,8.7,21.1,2025-07-11T07:52:01.246Z 
[36mINFO[0m[0203] METRICS_CSV,40,1,8.7,21.1,2025-07-11T07:52:01.367Z 
[36mINFO[0m[0203] METRICS_CSV,30,15,8.7,21.1,2025-07-11T07:52:01.570Z 
[36mINFO[0m[0203] METRICS_CSV,27,15,8.7,21.1,2025-07-11T07:52:01.642Z 
[36mINFO[0m[0203] METRICS_CSV,5,26,8.7,21.1,2025-07-11T07:52:01.661Z 
[36mINFO[0m[0203] METRICS_CSV,43,0,8.7,21.1,2025-07-11T07:52:01.690Z 
[36mINFO[0m[0204] METRICS_CSV,56,0,8.7,21.1,2025-07-11T07:52:01.846Z 
[36mINFO[0m[0204] METRICS_CSV,2,15,7.9,21.4,2025-07-11T07:52:02.017Z 
[36mINFO[0m[0204] METRICS_CSV,8,2,7.9,21.4,2025-07-11T07:52:02.129Z 
[36mINFO[0m[0204] METRICS_CSV,54,0,7.9,21.4,2025-07-11T07:52:02.165Z 
[36mINFO[0m[0204] METRICS_CSV,23,25,7.9,21.4,2025-07-11T07:52:02.223Z 
[36mINFO[0m[0204] METRICS_CSV,48,1,7.9,21.4,2025-07-11T07:52:02.365Z 
[36mINFO[0m[0204] METRICS_CSV,21,21,7.9,21.4,2025-07-11T07:52:02.483Z 
[36mINFO[0m[0204] METRICS_CSV,9,17,7.9,21.4,2025-07-11T07:52:02.714Z 
[36mINFO[0m[0204] METRICS_CSV,3,28,7.9,21.4,2025-07-11T07:52:02.797Z 
[36mINFO[0m[0205] METRICS_CSV,18,2,7.9,21.4,2025-07-11T07:52:02.826Z 
[36mINFO[0m[0205] METRICS_CSV,59,0,7.9,21.4,2025-07-11T07:52:02.846Z 
[36mINFO[0m[0205] METRICS_CSV,43,1,7.9,21.4,2025-07-11T07:52:02.856Z 
[36mINFO[0m[0205] METRICS_CSV,39,2,7.9,21.4,2025-07-11T07:52:02.887Z 
[36mINFO[0m[0205] METRICS_CSV,28,14,3.8,21.4,2025-07-11T07:52:03.114Z 
[36mINFO[0m[0205] METRICS_CSV,40,2,3.8,21.4,2025-07-11T07:52:03.119Z 
[36mINFO[0m[0205] METRICS_CSV,38,1,3.8,21.4,2025-07-11T07:52:03.119Z 
[36mINFO[0m[0205] METRICS_CSV,7,3,3.8,21.4,2025-07-11T07:52:03.127Z 
[36mINFO[0m[0205] METRICS_CSV,27,16,3.8,21.4,2025-07-11T07:52:03.262Z 
[36mINFO[0m[0205] METRICS_CSV,13,2,3.8,21.4,2025-07-11T07:52:03.281Z 
[36mINFO[0m[0205] METRICS_CSV,12,3,3.8,21.4,2025-07-11T07:52:03.319Z 
[36mINFO[0m[0205] METRICS_CSV,54,1,3.8,21.4,2025-07-11T07:52:03.453Z 
[36mINFO[0m[0205] METRICS_CSV,35,14,3.8,21.4,2025-07-11T07:52:03.641Z 
[36mINFO[0m[0205] METRICS_CSV,26,2,3.8,21.4,2025-07-11T07:52:03.772Z 
[36mINFO[0m[0206] METRICS_CSV,36,12,3.8,21.4,2025-07-11T07:52:03.824Z 
[36mINFO[0m[0206] METRICS_CSV,41,0,3.8,21.4,2025-07-11T07:52:03.846Z 
[36mINFO[0m[0206] METRICS_CSV,2,16,3.8,21.4,2025-07-11T07:52:03.890Z 
[36mINFO[0m[0206] METRICS_CSV,19,12,3.8,21.4,2025-07-11T07:52:03.966Z 
[36mINFO[0m[0206] METRICS_CSV,5,27,4.6,21.3,2025-07-11T07:52:04.188Z 
[36mINFO[0m[0206] METRICS_CSV,32,3,4.6,21.3,2025-07-11T07:52:04.194Z 
[36mINFO[0m[0206] METRICS_CSV,33,1,4.6,21.3,2025-07-11T07:52:04.298Z 
[36mINFO[0m[0206] METRICS_CSV,11,1,4.6,21.3,2025-07-11T07:52:04.326Z 
[36mINFO[0m[0206] METRICS_CSV,8,3,4.6,21.3,2025-07-11T07:52:04.497Z 
[36mINFO[0m[0206] METRICS_CSV,21,22,4.6,21.3,2025-07-11T07:52:04.680Z 
[36mINFO[0m[0206] METRICS_CSV,9,18,4.6,21.3,2025-07-11T07:52:04.697Z 
[36mINFO[0m[0206] METRICS_CSV,37,3,4.6,21.3,2025-07-11T07:52:04.701Z 
[36mINFO[0m[0207] METRICS_CSV,30,15,4.6,21.3,2025-07-11T07:52:04.838Z 
[36mINFO[0m[0207] METRICS_CSV,26,3,4.6,21.3,2025-07-11T07:52:04.838Z 
[36mINFO[0m[0207] METRICS_CSV,15,0,4.6,21.3,2025-07-11T07:52:04.846Z 
[36mINFO[0m[0207] METRICS_CSV,20,19,4.6,21.3,2025-07-11T07:52:04.862Z 
[36mINFO[0m[0207] METRICS_CSV,24,0,4.6,21.3,2025-07-11T07:52:04.872Z 
[36mINFO[0m[0207] METRICS_CSV,57,0,4.6,21.3,2025-07-11T07:52:05.005Z 
[36mINFO[0m[0207] METRICS_CSV,18,3,4.6,21.3,2025-07-11T07:52:05.072Z 
[36mINFO[0m[0207] METRICS_CSV,19,13,5.9,21.2,2025-07-11T07:52:05.249Z 
[36mINFO[0m[0207] METRICS_CSV,39,3,5.9,21.2,2025-07-11T07:52:05.306Z 
[36mINFO[0m[0207] METRICS_CSV,10,1,5.9,21.2,2025-07-11T07:52:05.383Z 
[36mINFO[0m[0207] METRICS_CSV,22,2,5.9,21.2,2025-07-11T07:52:05.384Z 
[36mINFO[0m[0207] METRICS_CSV,32,4,5.9,21.2,2025-07-11T07:52:05.417Z 
[36mINFO[0m[0207] METRICS_CSV,34,13,5.9,21.2,2025-07-11T07:52:05.426Z 
[36mINFO[0m[0207] METRICS_CSV,36,13,5.9,21.2,2025-07-11T07:52:05.554Z 
[36mINFO[0m[0207] METRICS_CSV,6,25,5.9,21.2,2025-07-11T07:52:05.565Z 
[36mINFO[0m[0207] METRICS_CSV,35,15,5.9,21.2,2025-07-11T07:52:05.613Z 
[36mINFO[0m[0207] METRICS_CSV,3,29,5.9,21.2,2025-07-11T07:52:05.731Z 
[36mINFO[0m[0208] METRICS_CSV,37,4,5.9,21.2,2025-07-11T07:52:05.813Z 
[36mINFO[0m[0208] METRICS_CSV,38,2,5.9,21.2,2025-07-11T07:52:05.816Z 
[36mINFO[0m[0208] METRICS_CSV,58,0,5.9,21.2,2025-07-11T07:52:05.845Z 
[36mINFO[0m[0208] METRICS_CSV,24,1,5.9,21.2,2025-07-11T07:52:05.920Z 
[36mINFO[0m[0208] METRICS_CSV,1,1,5.9,21.2,2025-07-11T07:52:05.931Z 
[36mINFO[0m[0208] METRICS_CSV,14,12,5.9,21.2,2025-07-11T07:52:05.973Z 
[36mINFO[0m[0208] METRICS_CSV,56,0,5.9,21.2,2025-07-11T07:52:06.023Z 
[36mINFO[0m[0208] METRICS_CSV,33,2,4.6,21.1,2025-07-11T07:52:06.556Z 
[36mINFO[0m[0208] METRICS_CSV,22,3,4.6,21.1,2025-07-11T07:52:06.558Z 
[36mINFO[0m[0208] METRICS_CSV,57,1,4.6,21.1,2025-07-11T07:52:06.558Z 
[36mINFO[0m[0208] METRICS_CSV,45,1,4.6,21.1,2025-07-11T07:52:06.644Z 
[36mINFO[0m[0208] METRICS_CSV,28,14,4.6,21.1,2025-07-11T07:52:06.683Z 
[36mINFO[0m[0208] METRICS_CSV,4,28,4.6,21.1,2025-07-11T07:52:06.702Z 
[36mINFO[0m[0208] METRICS_CSV,6,26,4.6,21.1,2025-07-11T07:52:06.762Z 
[36mINFO[0m[0209] METRICS_CSV,52,0,4.6,21.1,2025-07-11T07:52:06.846Z 
[36mINFO[0m[0209] METRICS_CSV,42,0,4.6,21.1,2025-07-11T07:52:06.847Z 
[36mINFO[0m[0209] METRICS_CSV,31,13,4.6,21.1,2025-07-11T07:52:06.956Z 
[36mINFO[0m[0209] METRICS_CSV,12,3,4.6,21.1,2025-07-11T07:52:06.956Z 
[36mINFO[0m[0209] METRICS_CSV,11,2,4.6,21.1,2025-07-11T07:52:06.964Z 
[36mINFO[0m[0209] METRICS_CSV,1,2,4.6,21.1,2025-07-11T07:52:07.000Z 
[36mINFO[0m[0209] METRICS_CSV,48,1,4.6,21.1,2025-07-11T07:52:07.128Z 
[36mINFO[0m[0209] METRICS_CSV,10,2,4.6,21.1,2025-07-11T07:52:07.173Z 
[36mINFO[0m[0209] METRICS_CSV,59,0,4.6,21.1,2025-07-11T07:52:07.187Z 
[36mINFO[0m[0209] METRICS_CSV,43,1,4.6,21.1,2025-07-11T07:52:07.285Z 
[36mINFO[0m[0209] METRICS_CSV,16,24,4.6,21.1,2025-07-11T07:52:07.291Z 
[36mINFO[0m[0209] METRICS_CSV,20,20,12.6,21.1,2025-07-11T07:52:07.599Z 
[36mINFO[0m[0209] METRICS_CSV,30,16,12.6,21.1,2025-07-11T07:52:07.601Z 
[36mINFO[0m[0209] METRICS_CSV,29,16,12.6,21.1,2025-07-11T07:52:07.602Z 
[36mINFO[0m[0210] METRICS_CSV,17,0,12.6,21.1,2025-07-11T07:52:07.846Z 
[36mINFO[0m[0210] METRICS_CSV,54,1,12.6,21.1,2025-07-11T07:52:07.864Z 
[36mINFO[0m[0210] METRICS_CSV,23,25,12.6,21.1,2025-07-11T07:52:07.938Z 
[36mINFO[0m[0210] METRICS_CSV,7,3,12.6,21.1,2025-07-11T07:52:08.028Z 
[36mINFO[0m[0210] METRICS_CSV,34,14,12.6,21.1,2025-07-11T07:52:08.110Z 
[36mINFO[0m[0210] METRICS_CSV,27,16,12.6,21.1,2025-07-11T07:52:08.174Z 
[36mINFO[0m[0210] METRICS_CSV,12,4,12.6,21.1,2025-07-11T07:52:08.238Z 
[36mINFO[0m[0210] METRICS_CSV,31,14,12.6,21.1,2025-07-11T07:52:08.344Z 
[36mINFO[0m[0210] METRICS_CSV,8,3,12.6,21.1,2025-07-11T07:52:08.376Z 
[36mINFO[0m[0210] METRICS_CSV,2,16,12.6,21.1,2025-07-11T07:52:08.402Z 
[36mINFO[0m[0210] METRICS_CSV,56,1,12.6,21.1,2025-07-11T07:52:08.456Z 
[36mINFO[0m[0210] METRICS_CSV,41,0,4.2,21.1,2025-07-11T07:52:08.612Z 
[36mINFO[0m[0210] METRICS_CSV,16,25,4.2,21.1,2025-07-11T07:52:08.630Z 
[36mINFO[0m[0210] METRICS_CSV,40,2,4.2,21.1,2025-07-11T07:52:08.646Z 
[36mINFO[0m[0210] METRICS_CSV,29,17,4.2,21.1,2025-07-11T07:52:08.679Z 
[36mINFO[0m[0211] METRICS_CSV,48,2,4.2,21.1,2025-07-11T07:52:08.863Z 
[36mINFO[0m[0211] METRICS_CSV,14,13,4.2,21.1,2025-07-11T07:52:08.963Z 
[36mINFO[0m[0211] METRICS_CSV,45,2,4.2,21.1,2025-07-11T07:52:09.116Z 
[36mINFO[0m[0211] METRICS_CSV,5,27,4.2,21.1,2025-07-11T07:52:09.121Z 
[36mINFO[0m[0211] METRICS_CSV,28,15,4.2,21.1,2025-07-11T07:52:09.209Z 
[36mINFO[0m[0211] METRICS_CSV,13,2,4.2,21.1,2025-07-11T07:52:09.341Z 
[36mINFO[0m[0211] METRICS_CSV,21,22,4.2,21.1,2025-07-11T07:52:09.448Z 
[36mINFO[0m[0211] METRICS_CSV,43,2,4.2,21.1,2025-07-11T07:52:09.492Z 
[36mINFO[0m[0211] METRICS_CSV,15,0,3.8,21.1,2025-07-11T07:52:09.676Z 
[36mINFO[0m[0211] METRICS_CSV,41,1,3.8,21.1,2025-07-11T07:52:09.681Z 
[36mINFO[0m[0211] METRICS_CSV,4,29,3.8,21.1,2025-07-11T07:52:09.681Z 
[36mINFO[0m[0211] METRICS_CSV,52,1,3.8,21.1,2025-07-11T07:52:09.788Z 
[36mINFO[0m[0211] METRICS_CSV,54,2,3.8,21.1,2025-07-11T07:52:09.802Z 
[36mINFO[0m[0212] METRICS_CSV,8,4,3.8,21.1,2025-07-11T07:52:09.807Z 
[36mINFO[0m[0212] METRICS_CSV,27,17,3.8,21.1,2025-07-11T07:52:09.882Z 
[36mINFO[0m[0212] METRICS_CSV,18,3,3.8,21.1,2025-07-11T07:52:09.998Z 
[36mINFO[0m[0212] METRICS_CSV,59,1,3.8,21.1,2025-07-11T07:52:10.153Z 
[36mINFO[0m[0212] METRICS_CSV,7,4,3.8,21.1,2025-07-11T07:52:10.190Z 
[36mINFO[0m[0212] METRICS_CSV,3,29,3.8,21.1,2025-07-11T07:52:10.201Z 
[36mINFO[0m[0212] METRICS_CSV,23,26,3.8,21.1,2025-07-11T07:52:10.367Z 
[36mINFO[0m[0212] METRICS_CSV,19,13,3.8,21.1,2025-07-11T07:52:10.404Z 
[36mINFO[0m[0212] METRICS_CSV,9,18,3.8,21.1,2025-07-11T07:52:10.551Z 
[36mINFO[0m[0212] METRICS_CSV,26,3,3.8,21.1,2025-07-11T07:52:10.563Z 
[36mINFO[0m[0212] METRICS_CSV,32,4,4.2,21.1,2025-07-11T07:52:10.677Z 
[36mINFO[0m[0212] METRICS_CSV,2,17,4.2,21.1,2025-07-11T07:52:10.680Z 
[36mINFO[0m[0212] METRICS_CSV,21,23,4.2,21.1,2025-07-11T07:52:10.799Z 
[36mINFO[0m[0213] METRICS_CSV,36,13,4.2,21.1,2025-07-11T07:52:10.805Z 
[36mINFO[0m[0213] METRICS_CSV,35,15,4.2,21.1,2025-07-11T07:52:10.806Z 
[36mINFO[0m[0213] METRICS_CSV,40,3,4.2,21.1,2025-07-11T07:52:10.951Z 
[36mINFO[0m[0213] METRICS_CSV,37,4,4.2,21.1,2025-07-11T07:52:10.969Z 
[36mINFO[0m[0213] METRICS_CSV,39,3,4.2,21.1,2025-07-11T07:52:11.376Z 
[36mINFO[0m[0213] METRICS_CSV,13,3,4.2,21.1,2025-07-11T07:52:11.415Z 
[36mINFO[0m[0213] METRICS_CSV,24,1,4.2,21.1,2025-07-11T07:52:11.487Z 
[36mINFO[0m[0213] METRICS_CSV,22,3,4.2,21.1,2025-07-11T07:52:11.511Z 
[36mINFO[0m[0213] METRICS_CSV,42,0,4.2,21.1,2025-07-11T07:52:11.529Z 
[36mINFO[0m[0213] METRICS_CSV,1,2,4.6,21.1,2025-07-11T07:52:11.772Z 
[36mINFO[0m[0213] METRICS_CSV,11,2,4.6,21.1,2025-07-11T07:52:11.778Z 
[36mINFO[0m[0213] METRICS_CSV,6,26,4.6,21.1,2025-07-11T07:52:11.778Z 
[36mINFO[0m[0214] METRICS_CSV,36,14,4.6,21.1,2025-07-11T07:52:11.843Z 
[36mINFO[0m[0214] METRICS_CSV,38,2,4.6,21.1,2025-07-11T07:52:11.848Z 
[36mINFO[0m[0214] METRICS_CSV,5,28,4.6,21.1,2025-07-11T07:52:11.907Z 
[36mINFO[0m[0214] METRICS_CSV,30,16,4.6,21.1,2025-07-11T07:52:11.964Z 
[36mINFO[0m[0214] METRICS_CSV,58,0,4.6,21.1,2025-07-11T07:52:12.059Z 
[36mINFO[0m[0214] METRICS_CSV,3,30,4.6,21.1,2025-07-11T07:52:12.073Z 
[36mINFO[0m[0214] METRICS_CSV,33,2,4.6,21.1,2025-07-11T07:52:12.145Z 
[36mINFO[0m[0214] METRICS_CSV,32,5,4.6,21.1,2025-07-11T07:52:12.254Z 
[36mINFO[0m[0214] METRICS_CSV,15,1,4.6,21.1,2025-07-11T07:52:12.254Z 
[36mINFO[0m[0214] METRICS_CSV,10,2,4.6,21.1,2025-07-11T07:52:12.371Z 
[36mINFO[0m[0214] METRICS_CSV,19,14,4.6,21.1,2025-07-11T07:52:12.498Z 
[36mINFO[0m[0214] METRICS_CSV,39,4,4.6,21.1,2025-07-11T07:52:12.515Z 
[36mINFO[0m[0214] METRICS_CSV,57,1,4.6,21.1,2025-07-11T07:52:12.527Z 
[36mINFO[0m[0214] METRICS_CSV,35,16,4.6,21.1,2025-07-11T07:52:12.578Z 
[36mINFO[0m[0214] METRICS_CSV,42,1,4.6,21.1,2025-07-11T07:52:12.664Z 
[36mINFO[0m[0214] METRICS_CSV,22,4,11.4,21.1,2025-07-11T07:52:12.773Z 
[36mINFO[0m[0214] METRICS_CSV,9,19,11.4,21.1,2025-07-11T07:52:12.778Z 
[36mINFO[0m[0214] METRICS_CSV,17,0,11.4,21.1,2025-07-11T07:52:12.779Z 
[36mINFO[0m[0214] METRICS_CSV,20,20,11.4,21.1,2025-07-11T07:52:12.780Z 
[36mINFO[0m[0214] METRICS_CSV,18,4,11.4,21.1,2025-07-11T07:52:12.790Z 
[36mINFO[0m[0215] METRICS_CSV,12,4,11.4,21.1,2025-07-11T07:52:13.046Z 
[36mINFO[0m[0215] METRICS_CSV,14,13,11.4,21.1,2025-07-11T07:52:13.055Z 
[36mINFO[0m[0215] METRICS_CSV,26,4,11.4,21.1,2025-07-11T07:52:13.074Z 
[36mINFO[0m[0215] METRICS_CSV,34,14,11.4,21.1,2025-07-11T07:52:13.264Z 
[36mINFO[0m[0215] METRICS_CSV,16,25,11.4,21.1,2025-07-11T07:52:13.302Z 
[36mINFO[0m[0215] METRICS_CSV,37,5,11.4,21.1,2025-07-11T07:52:13.453Z 
[36mINFO[0m[0215] METRICS_CSV,56,1,11.4,21.1,2025-07-11T07:52:13.528Z 
[36mINFO[0m[0215] METRICS_CSV,57,2,11.4,21.1,2025-07-11T07:52:13.530Z 
[36mINFO[0m[0216] METRICS_CSV,28,15,5.4,21.1,2025-07-11T07:52:13.879Z 
[36mINFO[0m[0216] METRICS_CSV,1,3,5.4,21.1,2025-07-11T07:52:13.881Z 
[36mINFO[0m[0216] METRICS_CSV,31,14,5.4,21.1,2025-07-11T07:52:13.884Z 
[36mINFO[0m[0216] METRICS_CSV,38,3,5.4,21.1,2025-07-11T07:52:13.952Z 
[36mINFO[0m[0216] METRICS_CSV,48,2,5.4,21.1,2025-07-11T07:52:13.976Z 
[36mINFO[0m[0216] METRICS_CSV,41,1,5.4,21.1,2025-07-11T07:52:14.046Z 
[36mINFO[0m[0216] METRICS_CSV,24,2,5.4,21.1,2025-07-11T07:52:14.060Z 
[36mINFO[0m[0216] METRICS_CSV,20,21,5.4,21.1,2025-07-11T07:52:14.222Z 
[36mINFO[0m[0216] METRICS_CSV,58,1,5.4,21.1,2025-07-11T07:52:14.250Z 
[36mINFO[0m[0216] METRICS_CSV,29,17,5.4,21.1,2025-07-11T07:52:14.340Z 
[36mINFO[0m[0216] METRICS_CSV,4,29,5.4,21.1,2025-07-11T07:52:14.353Z 
[36mINFO[0m[0216] METRICS_CSV,6,27,5.4,21.1,2025-07-11T07:52:14.365Z 
[36mINFO[0m[0216] METRICS_CSV,45,2,5.4,21.1,2025-07-11T07:52:14.390Z 
[36mINFO[0m[0216] METRICS_CSV,11,3,5.4,21.1,2025-07-11T07:52:14.406Z 
[36mINFO[0m[0216] METRICS_CSV,8,4,5.4,21.1,2025-07-11T07:52:14.453Z 
[36mINFO[0m[0216] METRICS_CSV,14,14,5.4,21.1,2025-07-11T07:52:14.480Z 
[36mINFO[0m[0216] METRICS_CSV,7,4,5.4,21.1,2025-07-11T07:52:14.492Z 
[36mINFO[0m[0216] METRICS_CSV,33,3,5.4,21.1,2025-07-11T07:52:14.598Z 
[36mINFO[0m[0216] METRICS_CSV,43,2,5.4,21.1,2025-07-11T07:52:14.677Z 
[36mINFO[0m[0216] METRICS_CSV,54,2,5.4,21.1,2025-07-11T07:52:14.700Z 
[36mINFO[0m[0216] METRICS_CSV,16,26,5.4,21.1,2025-07-11T07:52:14.712Z 
[36mINFO[0m[0217] METRICS_CSV,30,17,4.2,21.1,2025-07-11T07:52:14.881Z 
[36mINFO[0m[0217] METRICS_CSV,17,1,4.2,21.1,2025-07-11T07:52:14.892Z 
[36mINFO[0m[0217] METRICS_CSV,12,5,4.2,21.1,2025-07-11T07:52:14.959Z 
[36mINFO[0m[0217] METRICS_CSV,31,15,4.2,21.1,2025-07-11T07:52:15.035Z 
[36mINFO[0m[0217] METRICS_CSV,34,15,4.2,21.1,2025-07-11T07:52:15.057Z 
[36mINFO[0m[0217] METRICS_CSV,10,3,4.2,21.1,2025-07-11T07:52:15.075Z 
[36mINFO[0m[0217] METRICS_CSV,59,1,4.2,21.1,2025-07-11T07:52:15.279Z 
[36mINFO[0m[0217] METRICS_CSV,28,16,4.2,21.1,2025-07-11T07:52:15.593Z 
[36mINFO[0m[0217] METRICS_CSV,4,30,4.2,21.1,2025-07-11T07:52:15.660Z 
[36mINFO[0m[0218] METRICS_CSV,23,26,3.8,21.1,2025-07-11T07:52:15.929Z 
[36mINFO[0m[0218] METRICS_CSV,41,2,3.8,21.1,2025-07-11T07:52:16.131Z 
[36mINFO[0m[0218] METRICS_CSV,27,17,3.8,21.1,2025-07-11T07:52:16.196Z 
[36mINFO[0m[0218] METRICS_CSV,48,3,3.8,21.1,2025-07-11T07:52:16.202Z 
[36mINFO[0m[0218] METRICS_CSV,21,23,3.8,21.1,2025-07-11T07:52:16.211Z 
[36mINFO[0m[0218] METRICS_CSV,52,1,3.8,21.1,2025-07-11T07:52:16.213Z 
[36mINFO[0m[0218] METRICS_CSV,56,2,3.8,21.1,2025-07-11T07:52:16.265Z 
[36mINFO[0m[0218] METRICS_CSV,43,3,3.8,21.1,2025-07-11T07:52:16.335Z 
[36mINFO[0m[0218] METRICS_CSV,36,14,3.8,21.1,2025-07-11T07:52:16.433Z 
[36mINFO[0m[0218] METRICS_CSV,13,3,3.8,21.1,2025-07-11T07:52:16.472Z 
[36mINFO[0m[0218] METRICS_CSV,45,3,3.8,21.1,2025-07-11T07:52:16.491Z 
[36mINFO[0m[0218] METRICS_CSV,8,5,3.8,21.1,2025-07-11T07:52:16.590Z 
[36mINFO[0m[0218] METRICS_CSV,7,5,3.8,21.1,2025-07-11T07:52:16.604Z 
[36mINFO[0m[0218] METRICS_CSV,54,3,3.8,21.1,2025-07-11T07:52:16.707Z 
[36mINFO[0m[0218] METRICS_CSV,40,3,3.8,21.1,2025-07-11T07:52:16.721Z 
[36mINFO[0m[0218] METRICS_CSV,5,28,3.8,21.1,2025-07-11T07:52:16.761Z 
[36mINFO[0m[0219] METRICS_CSV,15,1,4.6,21.1,2025-07-11T07:52:17.039Z 
[36mINFO[0m[0219] METRICS_CSV,2,17,4.6,21.1,2025-07-11T07:52:17.046Z 
[36mINFO[0m[0219] METRICS_CSV,29,18,4.6,21.1,2025-07-11T07:52:17.070Z 
[36mINFO[0m[0219] METRICS_CSV,23,27,4.6,21.1,2025-07-11T07:52:17.128Z 
[36mINFO[0m[0219] METRICS_CSV,9,19,4.6,21.1,2025-07-11T07:52:17.157Z 
[36mINFO[0m[0219] METRICS_CSV,59,2,4.6,21.1,2025-07-11T07:52:17.182Z 
[36mINFO[0m[0219] METRICS_CSV,32,5,4.6,21.1,2025-07-11T07:52:17.241Z 
[36mINFO[0m[0219] METRICS_CSV,3,30,4.6,21.1,2025-07-11T07:52:17.290Z 
[36mINFO[0m[0219] METRICS_CSV,22,4,4.6,21.1,2025-07-11T07:52:17.438Z 
[36mINFO[0m[0219] METRICS_CSV,21,24,4.6,21.1,2025-07-11T07:52:17.612Z 
[36mINFO[0m[0219] METRICS_CSV,37,5,4.6,21.1,2025-07-11T07:52:17.654Z 
[36mINFO[0m[0220] METRICS_CSV,36,15,4.6,21.1,2025-07-11T07:52:17.883Z 
[36mINFO[0m[0220] METRICS_CSV,39,4,4.6,21.1,2025-07-11T07:52:17.903Z 
[36mINFO[0m[0220] METRICS_CSV,19,14,5.8,21.1,2025-07-11T07:52:18.076Z 
[36mINFO[0m[0220] METRICS_CSV,13,4,5.8,21.1,2025-07-11T07:52:18.077Z 
[36mINFO[0m[0220] METRICS_CSV,42,1,5.8,21.1,2025-07-11T07:52:18.112Z 
[36mINFO[0m[0220] METRICS_CSV,58,1,5.8,21.1,2025-07-11T07:52:18.127Z 
[36mINFO[0m[0220] METRICS_CSV,27,18,5.8,21.1,2025-07-11T07:52:18.191Z 
[36mINFO[0m[0220] METRICS_CSV,35,16,5.8,21.1,2025-07-11T07:52:18.291Z 
[36mINFO[0m[0220] METRICS_CSV,57,2,5.8,21.1,2025-07-11T07:52:18.358Z 
[36mINFO[0m[0220] METRICS_CSV,9,20,5.8,21.1,2025-07-11T07:52:18.433Z 
[36mINFO[0m[0220] METRICS_CSV,26,4,5.8,21.1,2025-07-11T07:52:18.456Z 
[36mINFO[0m[0220] METRICS_CSV,5,29,5.8,21.1,2025-07-11T07:52:18.601Z 
[36mINFO[0m[0220] METRICS_CSV,52,2,5.8,21.1,2025-07-11T07:52:18.605Z 
[36mINFO[0m[0220] METRICS_CSV,38,3,5.8,21.1,2025-07-11T07:52:18.720Z 
[36mINFO[0m[0220] METRICS_CSV,3,31,5.8,21.1,2025-07-11T07:52:18.756Z 
[36mINFO[0m[0220] METRICS_CSV,37,6,5.8,21.1,2025-07-11T07:52:18.772Z 
[36mINFO[0m[0221] METRICS_CSV,18,4,5.8,21.1,2025-07-11T07:52:18.918Z 
[36mINFO[0m[0221] METRICS_CSV,40,4,6.2,21.1,2025-07-11T07:52:19.342Z 
[36mINFO[0m[0221] METRICS_CSV,15,2,6.2,21.1,2025-07-11T07:52:19.344Z 
[36mINFO[0m[0221] METRICS_CSV,30,17,6.2,21.1,2025-07-11T07:52:19.402Z 
[36mINFO[0m[0221] METRICS_CSV,19,15,6.2,21.1,2025-07-11T07:52:19.493Z 
[36mINFO[0m[0221] METRICS_CSV,33,3,6.2,21.1,2025-07-11T07:52:19.497Z 
[36mINFO[0m[0221] METRICS_CSV,31,15,6.2,21.1,2025-07-11T07:52:19.532Z 
[36mINFO[0m[0221] METRICS_CSV,42,2,6.2,21.1,2025-07-11T07:52:19.581Z 
[36mINFO[0m[0221] METRICS_CSV,57,3,6.2,21.1,2025-07-11T07:52:19.583Z 
[36mINFO[0m[0221] METRICS_CSV,2,18,6.2,21.1,2025-07-11T07:52:19.653Z 
[36mINFO[0m[0221] METRICS_CSV,6,27,6.2,21.1,2025-07-11T07:52:19.654Z 
[36mINFO[0m[0221] METRICS_CSV,26,5,6.2,21.1,2025-07-11T07:52:19.677Z 
[36mINFO[0m[0221] METRICS_CSV,1,3,6.2,21.1,2025-07-11T07:52:19.691Z 
[36mINFO[0m[0221] METRICS_CSV,39,5,6.2,21.1,2025-07-11T07:52:19.727Z 
[36mINFO[0m[0221] METRICS_CSV,24,2,6.2,21.1,2025-07-11T07:52:19.760Z 
[36mINFO[0m[0221] METRICS_CSV,12,5,6.2,21.1,2025-07-11T07:52:19.768Z 
[36mINFO[0m[0222] METRICS_CSV,34,15,6.2,21.1,2025-07-11T07:52:19.831Z 
[36mINFO[0m[0222] METRICS_CSV,14,14,6.2,21.1,2025-07-11T07:52:19.982Z 
[36mINFO[0m[0222] METRICS_CSV,32,6,6.2,21.1,2025-07-11T07:52:20.058Z 
[36mINFO[0m[0222] METRICS_CSV,38,4,6.2,21.1,2025-07-11T07:52:20.074Z 
[36mINFO[0m[0222] METRICS_CSV,58,2,6.2,21.1,2025-07-11T07:52:20.195Z 
[36mINFO[0m[0222] METRICS_CSV,10,3,6.2,21.1,2025-07-11T07:52:20.240Z 
[36mINFO[0m[0222] METRICS_CSV,28,16,5,21.1,2025-07-11T07:52:20.391Z 
[36mINFO[0m[0222] METRICS_CSV,22,5,5,21.1,2025-07-11T07:52:20.394Z 
[36mINFO[0m[0222] METRICS_CSV,11,3,5,21.1,2025-07-11T07:52:20.397Z 
[36mINFO[0m[0222] METRICS_CSV,35,17,5,21.1,2025-07-11T07:52:20.560Z 
[36mINFO[0m[0222] METRICS_CSV,20,21,5,21.1,2025-07-11T07:52:20.705Z 
[36mINFO[0m[0223] METRICS_CSV,7,5,5,21.1,2025-07-11T07:52:20.809Z 
[36mINFO[0m[0223] METRICS_CSV,33,4,5,21.1,2025-07-11T07:52:20.829Z 
[36mINFO[0m[0223] METRICS_CSV,59,2,5,21.1,2025-07-11T07:52:20.876Z 
[36mINFO[0m[0223] METRICS_CSV,16,26,5,21.1,2025-07-11T07:52:20.899Z 
[36mINFO[0m[0223] METRICS_CSV,41,2,5,21.1,2025-07-11T07:52:20.931Z 
[36mINFO[0m[0223] METRICS_CSV,29,18,5,21.1,2025-07-11T07:52:20.944Z 
[36mINFO[0m[0223] METRICS_CSV,48,3,5,21.1,2025-07-11T07:52:21.021Z 
[36mINFO[0m[0223] METRICS_CSV,4,30,5,21.1,2025-07-11T07:52:21.036Z 
[36mINFO[0m[0223] METRICS_CSV,17,1,5,21.1,2025-07-11T07:52:21.087Z 
[36mINFO[0m[0223] METRICS_CSV,1,4,5,21.1,2025-07-11T07:52:21.249Z 
[36mINFO[0m[0223] METRICS_CSV,45,3,2.9,21.1,2025-07-11T07:52:21.543Z 
[36mINFO[0m[0223] METRICS_CSV,24,3,2.9,21.1,2025-07-11T07:52:21.545Z 
[36mINFO[0m[0223] METRICS_CSV,43,3,2.9,21.1,2025-07-11T07:52:21.771Z 
[36mINFO[0m[0223] METRICS_CSV,54,3,2.9,21.1,2025-07-11T07:52:21.788Z 
[36mINFO[0m[0223] METRICS_CSV,30,18,2.9,21.1,2025-07-11T07:52:21.804Z 
[36mINFO[0m[0224] METRICS_CSV,56,2,2.9,21.1,2025-07-11T07:52:21.815Z 
[36mINFO[0m[0224] METRICS_CSV,18,5,2.9,21.1,2025-07-11T07:52:21.839Z 
[36mINFO[0m[0224] METRICS_CSV,34,16,2.9,21.1,2025-07-11T07:52:21.912Z 
[36mINFO[0m[0224] METRICS_CSV,20,22,2.9,21.1,2025-07-11T07:52:22.030Z 
[36mINFO[0m[0224] METRICS_CSV,28,17,2.9,21.1,2025-07-11T07:52:22.103Z 
[36mINFO[0m[0224] METRICS_CSV,8,5,2.9,21.1,2025-07-11T07:52:22.174Z 
[36mINFO[0m[0224] METRICS_CSV,12,6,2.9,21.1,2025-07-11T07:52:22.211Z 
[36mINFO[0m[0224] METRICS_CSV,23,27,2.9,21.1,2025-07-11T07:52:22.260Z 
[36mINFO[0m[0224] METRICS_CSV,6,28,2.9,21.1,2025-07-11T07:52:22.338Z 
[36mINFO[0m[0224] METRICS_CSV,10,4,2.9,21.1,2025-07-11T07:52:22.342Z 
[36mINFO[0m[0224] METRICS_CSV,11,4,2.9,21.1,2025-07-11T07:52:22.441Z 
[36mINFO[0m[0224] METRICS_CSV,31,16,3.4,21.1,2025-07-11T07:52:22.547Z 
[36mINFO[0m[0224] METRICS_CSV,27,18,3.4,21.1,2025-07-11T07:52:22.550Z 
[36mINFO[0m[0224] METRICS_CSV,45,4,3.4,21.1,2025-07-11T07:52:22.572Z 
[36mINFO[0m[0224] METRICS_CSV,9,20,3.4,21.1,2025-07-11T07:52:22.581Z 
[36mINFO[0m[0224] METRICS_CSV,36,15,3.4,21.1,2025-07-11T07:52:22.730Z 
[36mINFO[0m[0224] METRICS_CSV,59,3,3.4,21.1,2025-07-11T07:52:22.741Z 
[36mINFO[0m[0224] METRICS_CSV,14,15,3.4,21.1,2025-07-11T07:52:22.770Z 
[36mINFO[0m[0225] METRICS_CSV,52,2,3.4,21.1,2025-07-11T07:52:22.819Z 
[36mINFO[0m[0225] METRICS_CSV,54,4,3.4,21.1,2025-07-11T07:52:22.878Z 
[36mINFO[0m[0225] METRICS_CSV,41,3,3.4,21.1,2025-07-11T07:52:22.995Z 
[36mINFO[0m[0225] METRICS_CSV,16,27,3.4,21.1,2025-07-11T07:52:23.035Z 
[36mINFO[0m[0225] METRICS_CSV,21,24,3.4,21.1,2025-07-11T07:52:23.115Z 
[36mINFO[0m[0225] METRICS_CSV,48,4,3.4,21.1,2025-07-11T07:52:23.121Z 
[36mINFO[0m[0225] METRICS_CSV,4,31,3.4,21.1,2025-07-11T07:52:23.129Z 
[36mINFO[0m[0225] METRICS_CSV,13,4,3.4,21.1,2025-07-11T07:52:23.256Z 
[36mINFO[0m[0225] METRICS_CSV,37,6,3.4,21.1,2025-07-11T07:52:23.398Z 
[36mINFO[0m[0225] METRICS_CSV,29,19,3.4,21.1,2025-07-11T07:52:23.412Z 
[36mINFO[0m[0225] METRICS_CSV,17,2,3.4,21.1,2025-07-11T07:52:23.420Z 
[36mINFO[0m[0225] METRICS_CSV,7,6,3.4,21.1,2025-07-11T07:52:23.437Z 
[36mINFO[0m[0225] METRICS_CSV,26,5,7.1,21.1,2025-07-11T07:52:23.657Z 
[36mINFO[0m[0225] METRICS_CSV,43,4,7.1,21.1,2025-07-11T07:52:23.660Z 
[36mINFO[0m[0225] METRICS_CSV,56,3,7.1,21.1,2025-07-11T07:52:23.660Z 
[36mINFO[0m[0225] METRICS_CSV,9,21,7.1,21.1,2025-07-11T07:52:23.710Z 
[36mINFO[0m[0226] METRICS_CSV,23,28,7.1,21.1,2025-07-11T07:52:23.820Z 
[36mINFO[0m[0226] METRICS_CSV,32,6,7.1,21.1,2025-07-11T07:52:23.852Z 
[36mINFO[0m[0226] METRICS_CSV,58,2,7.1,21.1,2025-07-11T07:52:23.988Z 
[36mINFO[0m[0226] METRICS_CSV,40,4,7.1,21.1,2025-07-11T07:52:23.988Z 
[36mINFO[0m[0226] METRICS_CSV,3,31,7.1,21.1,2025-07-11T07:52:24.004Z 
[36mINFO[0m[0226] METRICS_CSV,13,5,7.1,21.1,2025-07-11T07:52:24.307Z 
[36mINFO[0m[0226] METRICS_CSV,36,16,7.1,21.1,2025-07-11T07:52:24.496Z 
[36mINFO[0m[0226] METRICS_CSV,38,4,7.1,21.1,2025-07-11T07:52:24.501Z 
[36mINFO[0m[0226] METRICS_CSV,57,3,4.2,21.1,2025-07-11T07:52:24.694Z 
[36mINFO[0m[0226] METRICS_CSV,52,3,4.2,21.1,2025-07-11T07:52:24.700Z 
[36mINFO[0m[0226] METRICS_CSV,8,6,4.2,21.1,2025-07-11T07:52:24.700Z 
[36mINFO[0m[0226] METRICS_CSV,26,6,4.2,21.1,2025-07-11T07:52:24.700Z 
[36mINFO[0m[0226] METRICS_CSV,5,29,4.2,21.1,2025-07-11T07:52:24.701Z 
[36mINFO[0m[0227] METRICS_CSV,15,2,4.2,21.1,2025-07-11T07:52:25.197Z 
[36mINFO[0m[0227] METRICS_CSV,35,17,4.2,21.1,2025-07-11T07:52:25.269Z 
[36mINFO[0m[0227] METRICS_CSV,39,5,4.2,21.1,2025-07-11T07:52:25.324Z 
[36mINFO[0m[0227] METRICS_CSV,19,15,4.2,21.1,2025-07-11T07:52:25.341Z 
[36mINFO[0m[0227] METRICS_CSV,21,25,4.2,21.1,2025-07-11T07:52:25.358Z 
[36mINFO[0m[0227] METRICS_CSV,27,19,4.2,21.1,2025-07-11T07:52:25.370Z 
[36mINFO[0m[0227] METRICS_CSV,22,5,4.2,21.1,2025-07-11T07:52:25.418Z 
[36mINFO[0m[0227] METRICS_CSV,58,3,4.2,21.1,2025-07-11T07:52:25.522Z 
[36mINFO[0m[0227] METRICS_CSV,24,3,4.2,21.1,2025-07-11T07:52:25.543Z 
[36mINFO[0m[0227] METRICS_CSV,3,32,4.2,21.1,2025-07-11T07:52:25.548Z 
[36mINFO[0m[0227] METRICS_CSV,32,7,4.2,21.1,2025-07-11T07:52:25.728Z 
[36mINFO[0m[0227] METRICS_CSV,42,2,4.2,21.1,2025-07-11T07:52:25.733Z 
[36mINFO[0m[0227] METRICS_CSV,37,7,4.2,21.1,2025-07-11T07:52:25.745Z 
[36mINFO[0m[0228] METRICS_CSV,11,4,4.2,21.1,2025-07-11T07:52:25.807Z 
[36mINFO[0m[0228] METRICS_CSV,1,4,4.2,21.1,2025-07-11T07:52:25.943Z 
[36mINFO[0m[0228] METRICS_CSV,5,30,4.2,21.1,2025-07-11T07:52:26.022Z 
[36mINFO[0m[0228] METRICS_CSV,40,5,4.2,21.1,2025-07-11T07:52:26.039Z 
[36mINFO[0m[0228] METRICS_CSV,10,4,4.2,21.1,2025-07-11T07:52:26.049Z 
[36mINFO[0m[0228] METRICS_CSV,20,22,4.2,21.1,2025-07-11T07:52:26.240Z 
[36mINFO[0m[0228] METRICS_CSV,15,3,4.2,21.1,2025-07-11T07:52:26.414Z 
[36mINFO[0m[0228] METRICS_CSV,2,18,4.2,21.1,2025-07-11T07:52:26.468Z 
[36mINFO[0m[0229] METRICS_CSV,19,16,4.2,21.1,2025-07-11T07:52:26.837Z 
[36mINFO[0m[0229] METRICS_CSV,33,4,4.2,21.1,2025-07-11T07:52:26.845Z 
[36mINFO[0m[0229] METRICS_CSV,30,18,4.2,21.1,2025-07-11T07:52:26.944Z 
[36mINFO[0m[0229] METRICS_CSV,28,17,4.2,21.1,2025-07-11T07:52:26.991Z 
[36mINFO[0m[0229] METRICS_CSV,39,6,4.2,21.1,2025-07-11T07:52:27.038Z 
[36mINFO[0m[0229] METRICS_CSV,10,5,4.2,21.1,2025-07-11T07:52:27.068Z 
[36mINFO[0m[0229] METRICS_CSV,57,4,4.2,21.1,2025-07-11T07:52:27.212Z 
[36mINFO[0m[0229] METRICS_CSV,38,5,4.2,21.1,2025-07-11T07:52:27.255Z 
[36mINFO[0m[0229] METRICS_CSV,34,16,4.2,21.1,2025-07-11T07:52:27.341Z 
[36mINFO[0m[0229] METRICS_CSV,12,6,4.2,21.1,2025-07-11T07:52:27.419Z 
[36mINFO[0m[0229] METRICS_CSV,24,4,4.2,21.1,2025-07-11T07:52:27.542Z 
[36mINFO[0m[0229] METRICS_CSV,11,5,4.2,21.1,2025-07-11T07:52:27.659Z 
[36mINFO[0m[0230] METRICS_CSV,35,18,4.2,21.1,2025-07-11T07:52:27.867Z 
[36mINFO[0m[0230] METRICS_CSV,18,5,4.2,21.1,2025-07-11T07:52:27.872Z 
[36mINFO[0m[0230] METRICS_CSV,20,23,4.2,21.1,2025-07-11T07:52:27.925Z 
[36mINFO[0m[0230] METRICS_CSV,59,3,4.2,21.1,2025-07-11T07:52:27.938Z 
[36mINFO[0m[0230] METRICS_CSV,22,6,4.2,21.1,2025-07-11T07:52:28.029Z 
[36mINFO[0m[0230] METRICS_CSV,14,15,4.2,21.1,2025-07-11T07:52:28.067Z 
[36mINFO[0m[0230] METRICS_CSV,45,4,4.2,21.1,2025-07-11T07:52:28.070Z 
[36mINFO[0m[0230] METRICS_CSV,48,4,4.2,21.1,2025-07-11T07:52:28.138Z 
[36mINFO[0m[0230] METRICS_CSV,41,3,4.2,21.1,2025-07-11T07:52:28.170Z 
[36mINFO[0m[0230] METRICS_CSV,1,5,4.2,21.1,2025-07-11T07:52:28.197Z 
[36mINFO[0m[0230] METRICS_CSV,2,19,4.2,21.1,2025-07-11T07:52:28.200Z 
[36mINFO[0m[0230] METRICS_CSV,42,3,4.2,21.1,2025-07-11T07:52:28.201Z 
[36mINFO[0m[0230] METRICS_CSV,54,4,4.2,21.1,2025-07-11T07:52:28.248Z 
[36mINFO[0m[0230] METRICS_CSV,7,6,4.2,21.1,2025-07-11T07:52:28.282Z 
[36mINFO[0m[0230] METRICS_CSV,9,21,4.2,21.1,2025-07-11T07:52:28.439Z 
[36mINFO[0m[0230] METRICS_CSV,21,25,4.2,21.1,2025-07-11T07:52:28.644Z 
[36mINFO[0m[0230] METRICS_CSV,27,19,4.2,21.1,2025-07-11T07:52:28.648Z 
[36mINFO[0m[0230] METRICS_CSV,56,3,4.2,21.1,2025-07-11T07:52:28.753Z 
[36mINFO[0m[0231] METRICS_CSV,6,28,5,21.1,2025-07-11T07:52:28.878Z 
[36mINFO[0m[0231] METRICS_CSV,12,7,5,21.1,2025-07-11T07:52:28.880Z 
[36mINFO[0m[0231] METRICS_CSV,17,2,5,21.1,2025-07-11T07:52:28.892Z 
[36mINFO[0m[0231] METRICS_CSV,28,18,5,21.1,2025-07-11T07:52:28.979Z 
[36mINFO[0m[0231] METRICS_CSV,31,16,5,21.1,2025-07-11T07:52:29.009Z 
[36mINFO[0m[0231] METRICS_CSV,33,5,5,21.1,2025-07-11T07:52:29.054Z 
[36mINFO[0m[0231] METRICS_CSV,23,28,5,21.1,2025-07-11T07:52:29.151Z 
[36mINFO[0m[0231] METRICS_CSV,26,6,5,21.1,2025-07-11T07:52:29.187Z 
[36mINFO[0m[0231] METRICS_CSV,52,3,5,21.1,2025-07-11T07:52:29.217Z 
[36mINFO[0m[0231] METRICS_CSV,16,27,5,21.1,2025-07-11T07:52:29.280Z 
[36mINFO[0m[0231] METRICS_CSV,29,19,5,21.1,2025-07-11T07:52:29.281Z 
[36mINFO[0m[0231] METRICS_CSV,45,5,5,21.1,2025-07-11T07:52:29.296Z 
[36mINFO[0m[0231] METRICS_CSV,36,16,5,21.1,2025-07-11T07:52:29.318Z 
[36mINFO[0m[0231] METRICS_CSV,18,6,5,21.1,2025-07-11T07:52:29.494Z 
[36mINFO[0m[0231] METRICS_CSV,59,4,5,21.1,2025-07-11T07:52:29.515Z 
[36mINFO[0m[0231] METRICS_CSV,43,4,5,21.1,2025-07-11T07:52:29.547Z 
[36mINFO[0m[0231] METRICS_CSV,30,19,5,21.1,2025-07-11T07:52:29.567Z 
[36mINFO[0m[0232] METRICS_CSV,21,26,2.5,21.1,2025-07-11T07:52:29.895Z 
[36mINFO[0m[0232] METRICS_CSV,48,5,2.5,21.1,2025-07-11T07:52:29.927Z 
[36mINFO[0m[0232] METRICS_CSV,4,31,2.5,21.1,2025-07-11T07:52:30.007Z 
[36mINFO[0m[0232] METRICS_CSV,54,5,2.5,21.1,2025-07-11T07:52:30.021Z 
[36mINFO[0m[0232] METRICS_CSV,8,6,2.5,21.1,2025-07-11T07:52:30.097Z 
[36mINFO[0m[0232] METRICS_CSV,34,17,2.5,21.1,2025-07-11T07:52:30.140Z 
[36mINFO[0m[0232] METRICS_CSV,7,7,2.5,21.1,2025-07-11T07:52:30.197Z 
[36mINFO[0m[0232] METRICS_CSV,23,29,2.5,21.1,2025-07-11T07:52:30.320Z 
[36mINFO[0m[0232] METRICS_CSV,29,20,2.5,21.1,2025-07-11T07:52:30.390Z 
[36mINFO[0m[0232] METRICS_CSV,9,22,2.5,21.1,2025-07-11T07:52:30.390Z 
[36mINFO[0m[0232] METRICS_CSV,13,5,2.5,21.1,2025-07-11T07:52:30.435Z 
[36mINFO[0m[0232] METRICS_CSV,5,30,2.5,21.1,2025-07-11T07:52:30.459Z 
[36mINFO[0m[0232] METRICS_CSV,52,4,2.5,21.1,2025-07-11T07:52:30.491Z 
[36mINFO[0m[0232] METRICS_CSV,26,7,2.5,21.1,2025-07-11T07:52:30.542Z 
[36mINFO[0m[0232] METRICS_CSV,14,16,2.5,21.1,2025-07-11T07:52:30.562Z 
[36mINFO[0m[0232] METRICS_CSV,39,6,2.5,21.1,2025-07-11T07:52:30.673Z 
[36mINFO[0m[0232] METRICS_CSV,37,7,2.5,21.1,2025-07-11T07:52:30.679Z 
[36mINFO[0m[0232] METRICS_CSV,3,32,2.5,21.1,2025-07-11T07:52:30.706Z 
[36mINFO[0m[0232] METRICS_CSV,31,17,2.5,21.1,2025-07-11T07:52:30.763Z 
[36mINFO[0m[0232] METRICS_CSV,27,20,2.5,21.1,2025-07-11T07:52:30.785Z 
[36mINFO[0m[0233] METRICS_CSV,43,5,5,21.1,2025-07-11T07:52:30.934Z 
[36mINFO[0m[0233] METRICS_CSV,41,4,5,21.1,2025-07-11T07:52:30.939Z 
[36mINFO[0m[0233] METRICS_CSV,58,3,5,21.1,2025-07-11T07:52:30.940Z 
[36mINFO[0m[0233] METRICS_CSV,32,7,5,21.1,2025-07-11T07:52:30.961Z 
[36mINFO[0m[0233] METRICS_CSV,17,3,5,21.1,2025-07-11T07:52:30.987Z 
[36mINFO[0m[0233] METRICS_CSV,19,16,5,21.1,2025-07-11T07:52:31.071Z 
[36mINFO[0m[0233] METRICS_CSV,15,3,5,21.1,2025-07-11T07:52:31.142Z 
[36mINFO[0m[0233] METRICS_CSV,6,29,5,21.1,2025-07-11T07:52:31.174Z 
[36mINFO[0m[0233] METRICS_CSV,36,17,5,21.1,2025-07-11T07:52:31.179Z 
[36mINFO[0m[0233] METRICS_CSV,56,4,5,21.1,2025-07-11T07:52:31.193Z 
[36mINFO[0m[0233] METRICS_CSV,40,5,5,21.1,2025-07-11T07:52:31.405Z 
[36mINFO[0m[0233] METRICS_CSV,8,7,5,21.1,2025-07-11T07:52:31.413Z 
[36mINFO[0m[0233] METRICS_CSV,4,32,5,21.1,2025-07-11T07:52:31.469Z 
[36mINFO[0m[0233] METRICS_CSV,16,28,5,21.1,2025-07-11T07:52:31.496Z 
[36mINFO[0m[0233] METRICS_CSV,35,18,5,21.1,2025-07-11T07:52:31.634Z 
[36mINFO[0m[0234] METRICS_CSV,39,7,4.1,21.1,2025-07-11T07:52:31.998Z 
[36mINFO[0m[0234] METRICS_CSV,38,5,4.1,21.1,2025-07-11T07:52:32.003Z 
[36mINFO[0m[0234] METRICS_CSV,57,4,4.1,21.1,2025-07-11T07:52:32.003Z 
[36mINFO[0m[0234] METRICS_CSV,22,6,4.1,21.1,2025-07-11T07:52:32.026Z 
[36mINFO[0m[0234] METRICS_CSV,3,33,4.1,21.1,2025-07-11T07:52:32.104Z 
[36mINFO[0m[0234] METRICS_CSV,24,4,4.1,21.1,2025-07-11T07:52:32.640Z 
[36mINFO[0m[0234] METRICS_CSV,37,8,4.1,21.1,2025-07-11T07:52:32.643Z 
[36mINFO[0m[0234] METRICS_CSV,10,5,4.1,21.1,2025-07-11T07:52:32.759Z 
[36mINFO[0m[0234] METRICS_CSV,18,6,4.1,21.1,2025-07-11T07:52:32.765Z 
[36mINFO[0m[0234] METRICS_CSV,13,6,4.1,21.1,2025-07-11T07:52:32.781Z 
[36mINFO[0m[0235] METRICS_CSV,1,5,4.6,21.1,2025-07-11T07:52:33.015Z 
[36mINFO[0m[0235] METRICS_CSV,32,8,4.6,21.1,2025-07-11T07:52:33.017Z 
[36mINFO[0m[0235] METRICS_CSV,42,3,4.6,21.1,2025-07-11T07:52:33.044Z 
[36mINFO[0m[0235] METRICS_CSV,5,31,4.6,21.1,2025-07-11T07:52:33.049Z 
[36mINFO[0m[0235] METRICS_CSV,20,23,4.6,21.1,2025-07-11T07:52:33.079Z 
[36mINFO[0m[0235] METRICS_CSV,11,5,4.6,21.1,2025-07-11T07:52:33.194Z 
[36mINFO[0m[0235] METRICS_CSV,33,5,4.6,21.1,2025-07-11T07:52:33.207Z 
[36mINFO[0m[0235] METRICS_CSV,58,4,4.6,21.1,2025-07-11T07:52:33.331Z 
[36mINFO[0m[0235] METRICS_CSV,35,19,4.6,21.1,2025-07-11T07:52:33.467Z 
[36mINFO[0m[0235] METRICS_CSV,19,17,4.6,21.1,2025-07-11T07:52:33.471Z 
[36mINFO[0m[0235] METRICS_CSV,12,7,4.6,21.1,2025-07-11T07:52:33.576Z 
[36mINFO[0m[0235] METRICS_CSV,2,19,4.6,21.1,2025-07-11T07:52:33.722Z 
[36mINFO[0m[0236] METRICS_CSV,15,4,4.2,21,2025-07-11T07:52:34.062Z 
[36mINFO[0m[0236] METRICS_CSV,38,6,4.2,21,2025-07-11T07:52:34.067Z 
[36mINFO[0m[0236] METRICS_CSV,42,4,4.2,21,2025-07-11T07:52:34.106Z 
[36mINFO[0m[0236] METRICS_CSV,40,6,4.2,21,2025-07-11T07:52:34.189Z 
[36mINFO[0m[0236] METRICS_CSV,20,24,4.2,21,2025-07-11T07:52:34.199Z 
[36mINFO[0m[0236] METRICS_CSV,1,6,4.2,21,2025-07-11T07:52:34.249Z 
[36mINFO[0m[0236] METRICS_CSV,7,7,4.2,21,2025-07-11T07:52:34.254Z 
[36mINFO[0m[0236] METRICS_CSV,11,6,4.2,21,2025-07-11T07:52:34.344Z 
[36mINFO[0m[0236] METRICS_CSV,18,7,4.2,21,2025-07-11T07:52:34.366Z 
[36mINFO[0m[0236] METRICS_CSV,22,7,4.2,21,2025-07-11T07:52:34.489Z 
[36mINFO[0m[0236] METRICS_CSV,9,22,4.2,21,2025-07-11T07:52:34.687Z 
[36mINFO[0m[0237] METRICS_CSV,57,5,4.2,21,2025-07-11T07:52:34.863Z 
[36mINFO[0m[0237] METRICS_CSV,24,5,6.7,21,2025-07-11T07:52:35.151Z 
[36mINFO[0m[0237] METRICS_CSV,10,6,6.7,21,2025-07-11T07:52:35.155Z 
[36mINFO[0m[0237] METRICS_CSV,2,20,6.7,21,2025-07-11T07:52:35.156Z 
[36mINFO[0m[0237] METRICS_CSV,45,5,6.7,21,2025-07-11T07:52:35.160Z 
[36mINFO[0m[0237] METRICS_CSV,29,20,6.7,21,2025-07-11T07:52:35.160Z 
[36mINFO[0m[0237] METRICS_CSV,59,4,6.7,21,2025-07-11T07:52:35.160Z 
[36mINFO[0m[0237] METRICS_CSV,30,19,6.7,21,2025-07-11T07:52:35.160Z 
[36mINFO[0m[0237] METRICS_CSV,12,8,6.7,21,2025-07-11T07:52:35.234Z 
[36mINFO[0m[0237] METRICS_CSV,28,18,6.7,21,2025-07-11T07:52:35.311Z 
[36mINFO[0m[0237] METRICS_CSV,43,5,6.7,21,2025-07-11T07:52:35.390Z 
[36mINFO[0m[0237] METRICS_CSV,21,26,6.7,21,2025-07-11T07:52:35.413Z 
[36mINFO[0m[0237] METRICS_CSV,56,4,6.7,21,2025-07-11T07:52:35.515Z 
[36mINFO[0m[0237] METRICS_CSV,36,17,6.7,21,2025-07-11T07:52:35.613Z 
[36mINFO[0m[0237] METRICS_CSV,33,6,6.7,21,2025-07-11T07:52:35.649Z 
[36mINFO[0m[0237] METRICS_CSV,34,17,6.7,21,2025-07-11T07:52:35.716Z 
[36mINFO[0m[0237] METRICS_CSV,6,29,6.7,21,2025-07-11T07:52:35.740Z 
[36mINFO[0m[0237] METRICS_CSV,48,5,6.7,21,2025-07-11T07:52:35.772Z 
[36mINFO[0m[0238] METRICS_CSV,54,5,6.7,21,2025-07-11T07:52:36.041Z 
[36mINFO[0m[0238] METRICS_CSV,8,7,3.7,21,2025-07-11T07:52:36.232Z 
[36mINFO[0m[0238] METRICS_CSV,9,23,3.7,21,2025-07-11T07:52:36.238Z 
[36mINFO[0m[0238] METRICS_CSV,27,20,3.7,21,2025-07-11T07:52:36.239Z 
[36mINFO[0m[0238] METRICS_CSV,41,4,3.7,21,2025-07-11T07:52:36.240Z 
[36mINFO[0m[0238] METRICS_CSV,23,29,3.7,21,2025-07-11T07:52:36.257Z 
[36mINFO[0m[0238] METRICS_CSV,31,17,3.7,21,2025-07-11T07:52:36.318Z 
[36mINFO[0m[0238] METRICS_CSV,13,6,3.7,21,2025-07-11T07:52:36.320Z 
[36mINFO[0m[0238] METRICS_CSV,52,4,3.7,21,2025-07-11T07:52:36.327Z 
[36mINFO[0m[0238] METRICS_CSV,59,5,3.7,21,2025-07-11T07:52:36.337Z 
[36mINFO[0m[0238] METRICS_CSV,26,7,3.7,21,2025-07-11T07:52:36.686Z 
[36mINFO[0m[0238] METRICS_CSV,7,8,3.7,21,2025-07-11T07:52:36.780Z 
[36mINFO[0m[0239] METRICS_CSV,48,6,3.7,21,2025-07-11T07:52:36.826Z 
[36mINFO[0m[0239] METRICS_CSV,3,33,3.7,21,2025-07-11T07:52:36.912Z 
[36mINFO[0m[0239] METRICS_CSV,16,28,3.7,21,2025-07-11T07:52:36.921Z 
[36mINFO[0m[0239] METRICS_CSV,56,5,3.7,21,2025-07-11T07:52:36.995Z 
[36mINFO[0m[0239] METRICS_CSV,29,21,2.5,21,2025-07-11T07:52:37.247Z 
[36mINFO[0m[0239] METRICS_CSV,43,6,2.5,21,2025-07-11T07:52:37.250Z 
[36mINFO[0m[0239] METRICS_CSV,36,18,2.5,21,2025-07-11T07:52:37.250Z 
[36mINFO[0m[0239] METRICS_CSV,39,7,2.5,21,2025-07-11T07:52:37.480Z 
[36mINFO[0m[0239] METRICS_CSV,14,16,2.5,21,2025-07-11T07:52:37.492Z 
[36mINFO[0m[0239] METRICS_CSV,52,5,2.5,21,2025-07-11T07:52:37.545Z 
[36mINFO[0m[0239] METRICS_CSV,41,5,2.5,21,2025-07-11T07:52:37.557Z 
[36mINFO[0m[0239] METRICS_CSV,30,20,2.5,21,2025-07-11T07:52:37.569Z 
[36mINFO[0m[0239] METRICS_CSV,6,30,2.5,21,2025-07-11T07:52:37.585Z 
[36mINFO[0m[0239] METRICS_CSV,45,6,2.5,21,2025-07-11T07:52:37.656Z 
[36mINFO[0m[0239] METRICS_CSV,27,21,2.5,21,2025-07-11T07:52:37.686Z 
[36mINFO[0m[0239] METRICS_CSV,17,3,2.5,21,2025-07-11T07:52:37.710Z 
[36mINFO[0m[0239] METRICS_CSV,5,31,2.5,21,2025-07-11T07:52:37.727Z 
[36mINFO[0m[0239] METRICS_CSV,34,18,2.5,21,2025-07-11T07:52:37.792Z 
[36mINFO[0m[0239] METRICS_CSV,20,24,2.5,21,2025-07-11T07:52:37.792Z 
[36mINFO[0m[0239] METRICS_CSV,31,18,2.5,21,2025-07-11T07:52:37.801Z 
[36mINFO[0m[0240] METRICS_CSV,4,32,2.5,21,2025-07-11T07:52:37.859Z 
[36mINFO[0m[0240] METRICS_CSV,23,30,2.5,21,2025-07-11T07:52:37.955Z 
[36mINFO[0m[0240] METRICS_CSV,28,19,2.5,21,2025-07-11T07:52:38.062Z 
[36mINFO[0m[0240] METRICS_CSV,37,8,2.5,21,2025-07-11T07:52:38.125Z 
[36mINFO[0m[0240] METRICS_CSV,38,6,5.9,21,2025-07-11T07:52:38.377Z 
[36mINFO[0m[0240] METRICS_CSV,13,7,5.9,21,2025-07-11T07:52:38.379Z 
[36mINFO[0m[0240] METRICS_CSV,54,6,5.9,21,2025-07-11T07:52:38.379Z 
[36mINFO[0m[0240] METRICS_CSV,19,17,5.9,21,2025-07-11T07:52:38.381Z 
[36mINFO[0m[0240] METRICS_CSV,21,27,5.9,21,2025-07-11T07:52:38.391Z 
[36mINFO[0m[0240] METRICS_CSV,8,8,5.9,21,2025-07-11T07:52:38.687Z 
[36mINFO[0m[0240] METRICS_CSV,15,4,5.9,21,2025-07-11T07:52:38.769Z 
[36mINFO[0m[0241] METRICS_CSV,20,25,5.9,21,2025-07-11T07:52:38.923Z 
[36mINFO[0m[0241] METRICS_CSV,3,34,5.9,21,2025-07-11T07:52:38.971Z 
[36mINFO[0m[0241] METRICS_CSV,58,4,5.9,21,2025-07-11T07:52:38.974Z 
[36mINFO[0m[0241] METRICS_CSV,32,8,5.9,21,2025-07-11T07:52:38.986Z 
[36mINFO[0m[0241] METRICS_CSV,5,32,5.9,21,2025-07-11T07:52:39.065Z 
[36mINFO[0m[0241] METRICS_CSV,16,29,5.9,21,2025-07-11T07:52:39.121Z 
[36mINFO[0m[0241] METRICS_CSV,38,7,5,21.1,2025-07-11T07:52:39.521Z 
[36mINFO[0m[0241] METRICS_CSV,35,19,5,21.1,2025-07-11T07:52:39.527Z 
[36mINFO[0m[0241] METRICS_CSV,11,6,5,21.1,2025-07-11T07:52:39.621Z 
[36mINFO[0m[0241] METRICS_CSV,18,7,5,21.1,2025-07-11T07:52:39.626Z 
[36mINFO[0m[0241] METRICS_CSV,26,8,5,21.1,2025-07-11T07:52:39.642Z 
[36mINFO[0m[0241] METRICS_CSV,1,6,5,21.1,2025-07-11T07:52:39.642Z 
[36mINFO[0m[0241] METRICS_CSV,42,4,5,21.1,2025-07-11T07:52:39.782Z 
[36mINFO[0m[0242] METRICS_CSV,40,6,5,21.1,2025-07-11T07:52:39.835Z 
[36mINFO[0m[0242] METRICS_CSV,22,7,5,21.1,2025-07-11T07:52:39.883Z 
[36mINFO[0m[0242] METRICS_CSV,37,9,5,21.1,2025-07-11T07:52:39.934Z 
[36mINFO[0m[0242] METRICS_CSV,57,5,5,21.1,2025-07-11T07:52:40.027Z 
[36mINFO[0m[0242] METRICS_CSV,39,8,5,21.1,2025-07-11T07:52:40.074Z 
[36mINFO[0m[0242] METRICS_CSV,19,18,5,21.1,2025-07-11T07:52:40.104Z 
[36mINFO[0m[0242] METRICS_CSV,58,5,5,21.1,2025-07-11T07:52:40.104Z 
[36mINFO[0m[0242] METRICS_CSV,17,4,5,21.1,2025-07-11T07:52:40.120Z 
[36mINFO[0m[0242] METRICS_CSV,4,33,5,21.1,2025-07-11T07:52:40.149Z 
[36mINFO[0m[0242] METRICS_CSV,14,17,5,21.1,2025-07-11T07:52:40.201Z 
[36mINFO[0m[0242] METRICS_CSV,10,6,5,21.1,2025-07-11T07:52:40.332Z 
[36mINFO[0m[0242] METRICS_CSV,32,9,5,21.1,2025-07-11T07:52:40.416Z 
[36mINFO[0m[0242] METRICS_CSV,24,5,3.8,21.1,2025-07-11T07:52:40.572Z 
[36mINFO[0m[0242] METRICS_CSV,9,23,3.8,21.1,2025-07-11T07:52:40.577Z 
[36mINFO[0m[0242] METRICS_CSV,18,8,3.8,21.1,2025-07-11T07:52:40.672Z 
[36mINFO[0m[0242] METRICS_CSV,12,8,3.8,21.1,2025-07-11T07:52:40.724Z 
[36mINFO[0m[0243] METRICS_CSV,22,8,3.8,21.1,2025-07-11T07:52:40.924Z 
[36mINFO[0m[0243] METRICS_CSV,1,7,3.8,21.1,2025-07-11T07:52:41.171Z 
[36mINFO[0m[0243] METRICS_CSV,2,20,3.8,21.1,2025-07-11T07:52:41.227Z 
[36mINFO[0m[0243] METRICS_CSV,35,20,3.8,21.1,2025-07-11T07:52:41.593Z 
[36mINFO[0m[0243] METRICS_CSV,15,5,3.8,21.1,2025-07-11T07:52:41.597Z 
[36mINFO[0m[0243] METRICS_CSV,42,5,3.8,21.1,2025-07-11T07:52:41.643Z 
[36mINFO[0m[0243] METRICS_CSV,11,7,3.8,21.1,2025-07-11T07:52:41.721Z 
[36mINFO[0m[0243] METRICS_CSV,40,7,3.8,21.1,2025-07-11T07:52:41.805Z 
[36mINFO[0m[0244] METRICS_CSV,7,8,3.8,21.1,2025-07-11T07:52:41.854Z 
[36mINFO[0m[0244] METRICS_CSV,33,6,3.8,21.1,2025-07-11T07:52:41.875Z 
[36mINFO[0m[0244] METRICS_CSV,6,30,3.8,21.1,2025-07-11T07:52:41.915Z 
[36mINFO[0m[0244] METRICS_CSV,23,30,3.8,21.1,2025-07-11T07:52:42.038Z 
[36mINFO[0m[0244] METRICS_CSV,27,21,3.8,21.1,2025-07-11T07:52:42.185Z 
[36mINFO[0m[0244] METRICS_CSV,24,6,3.8,21.1,2025-07-11T07:52:42.191Z 
[36mINFO[0m[0244] METRICS_CSV,9,24,3.8,21.1,2025-07-11T07:52:42.220Z 
[36mINFO[0m[0244] METRICS_CSV,30,20,3.8,21.1,2025-07-11T07:52:42.295Z 
[36mINFO[0m[0244] METRICS_CSV,57,6,3.8,21.1,2025-07-11T07:52:42.311Z 
[36mINFO[0m[0244] METRICS_CSV,45,6,3.8,21.1,2025-07-11T07:52:42.322Z 
[36mINFO[0m[0244] METRICS_CSV,29,21,3.8,21.1,2025-07-11T07:52:42.364Z 
[36mINFO[0m[0244] METRICS_CSV,43,6,3.8,21.1,2025-07-11T07:52:42.454Z 
[36mINFO[0m[0244] METRICS_CSV,59,5,5.4,21.1,2025-07-11T07:52:42.643Z 
[36mINFO[0m[0244] METRICS_CSV,13,7,5.4,21.1,2025-07-11T07:52:42.661Z 
[36mINFO[0m[0244] METRICS_CSV,16,29,5.4,21.1,2025-07-11T07:52:42.685Z 
[36mINFO[0m[0245] METRICS_CSV,52,5,5.4,21.1,2025-07-11T07:52:42.829Z 
[36mINFO[0m[0245] METRICS_CSV,41,5,5.4,21.1,2025-07-11T07:52:42.834Z 
[36mINFO[0m[0245] METRICS_CSV,21,27,5.4,21.1,2025-07-11T07:52:42.858Z 
[36mINFO[0m[0245] METRICS_CSV,36,18,5.4,21.1,2025-07-11T07:52:42.928Z 
[36mINFO[0m[0245] METRICS_CSV,7,9,5.4,21.1,2025-07-11T07:52:43.021Z 
[36mINFO[0m[0245] METRICS_CSV,8,8,5.4,21.1,2025-07-11T07:52:43.071Z 
[36mINFO[0m[0245] METRICS_CSV,10,7,5.4,21.1,2025-07-11T07:52:43.083Z 
[36mINFO[0m[0245] METRICS_CSV,2,21,5.4,21.1,2025-07-11T07:52:43.178Z 
[36mINFO[0m[0245] METRICS_CSV,56,5,5.4,21.1,2025-07-11T07:52:43.226Z 
[36mINFO[0m[0245] METRICS_CSV,48,6,5.4,21.1,2025-07-11T07:52:43.511Z 
[36mINFO[0m[0245] METRICS_CSV,20,25,6.3,21.1,2025-07-11T07:52:43.693Z 
[36mINFO[0m[0245] METRICS_CSV,12,9,6.3,21.1,2025-07-11T07:52:43.694Z 
[36mINFO[0m[0245] METRICS_CSV,34,18,6.3,21.1,2025-07-11T07:52:43.694Z 
[36mINFO[0m[0245] METRICS_CSV,5,32,6.3,21.1,2025-07-11T07:52:43.695Z 
[36mINFO[0m[0245] METRICS_CSV,43,7,6.3,21.1,2025-07-11T07:52:43.717Z 
[36mINFO[0m[0246] METRICS_CSV,13,8,6.3,21.1,2025-07-11T07:52:43.904Z 
[36mINFO[0m[0246] METRICS_CSV,28,19,6.3,21.1,2025-07-11T07:52:44.219Z 
[36mINFO[0m[0246] METRICS_CSV,31,18,6.3,21.1,2025-07-11T07:52:44.248Z 
[36mINFO[0m[0246] METRICS_CSV,59,6,6.3,21.1,2025-07-11T07:52:44.367Z 
[36mINFO[0m[0246] METRICS_CSV,54,6,6.3,21.1,2025-07-11T07:52:44.400Z 
[36mINFO[0m[0246] METRICS_CSV,14,17,6.3,21.1,2025-07-11T07:52:44.415Z 
[36mINFO[0m[0246] METRICS_CSV,45,7,6.3,21.1,2025-07-11T07:52:44.426Z 
[36mINFO[0m[0246] METRICS_CSV,41,6,6.3,21.1,2025-07-11T07:52:44.439Z 
[36mINFO[0m[0246] METRICS_CSV,38,7,6.3,21.1,2025-07-11T07:52:44.471Z 
[36mINFO[0m[0246] METRICS_CSV,56,6,6.3,21.1,2025-07-11T07:52:44.478Z 
[36mINFO[0m[0246] METRICS_CSV,3,34,6.3,21.1,2025-07-11T07:52:44.540Z 
[36mINFO[0m[0246] METRICS_CSV,29,22,3.4,21.1,2025-07-11T07:52:44.718Z 
[36mINFO[0m[0246] METRICS_CSV,6,31,3.4,21.1,2025-07-11T07:52:44.720Z 
[36mINFO[0m[0246] METRICS_CSV,33,7,3.4,21.1,2025-07-11T07:52:44.720Z 
[36mINFO[0m[0246] METRICS_CSV,30,21,3.4,21.1,2025-07-11T07:52:44.734Z 
[36mINFO[0m[0246] METRICS_CSV,36,19,3.4,21.1,2025-07-11T07:52:44.742Z 
[36mINFO[0m[0246] METRICS_CSV,5,33,3.4,21.1,2025-07-11T07:52:44.782Z 
[36mINFO[0m[0247] METRICS_CSV,23,31,3.4,21.1,2025-07-11T07:52:44.845Z 
[36mINFO[0m[0247] METRICS_CSV,19,18,3.4,21.1,2025-07-11T07:52:44.856Z 
[36mINFO[0m[0247] METRICS_CSV,32,9,3.4,21.1,2025-07-11T07:52:44.872Z 
[36mINFO[0m[0247] METRICS_CSV,15,5,3.4,21.1,2025-07-11T07:52:44.941Z 
[36mINFO[0m[0247] METRICS_CSV,17,4,3.4,21.1,2025-07-11T07:52:44.972Z 
[36mINFO[0m[0247] METRICS_CSV,58,5,3.4,21.1,2025-07-11T07:52:44.996Z 
[36mINFO[0m[0247] METRICS_CSV,18,8,3.4,21.1,2025-07-11T07:52:45.038Z 
